id;name;disambiguatingDescription;description;longitude;latitude;streetAddress;postalCode;addressLocality;telephone;email;url;image;dateModified016d7bf9-d944-4bdc-83cf-bc1aca1b176f;Museum Alte Säge Valens;Das Museum Alte Säge Valens, restauriert von Valens Tourismus, ist ein frei zugänglicher Zeitzeuge der Holzwirtschaft des letzten Jahrhunderts. Es bietet das ganze Jahr über Einblicke in die Geschichte der alten Säge.;1990 wurden die Säge durch den Eigentümer Ferdinand Reiter Junior stillgelegt und 2004/2005 durch Valens Tourismus, unter Führung von Kurt Wyrsch, restauriert und als Museum für die Öffentlichkeit wiedereröffnet. Die Alte Säge Valens ist das ganze Jahr frei zugänglich und ein spannender Zeitzeuge der Holzwirtschaft des letzten Jahrhunderts.;9.481201171875002;46.97268790109085;Madrusstrasse;7317;Valens;0791045567;ela.mack@gmail.com;http://www.valens-tourismus.ch;[{'@type': 'ImageObject', 'contentUrl': 'https://hltpimtsoch.sos-ch-dk-2.exoscale-cdn.com/catalog/2/f/0/d/2f0d064f5575bbe873c161617eb27babe9354389_maxresdefault.jpeg'}];2026-05-14T11:29:49+02:00
048a601a-3918-4456-8a7a-6c87cc08f159;Bahnhof Mühlehorn;Der Bahnhof Mühlehorn liegt direkt am Walensee und ist ein idealer Ausgangspunkt für Ausflüge entlang des Seeuferwegs sowie in die umliegende Region.;<div>Der Bahnhof M&uuml;hlehorn liegt direkt am Walensee und ist ein praktischer Ankunfts- und Ausgangspunkt für Ausflüge entlang des Seeuferwegs. Der kleine Bahnhof überzeugt mit seiner Lage nahe beim Wasser und guter Anbindung an die umliegenden Orte. Wer mit dem Auto oder dem Velo anreist, findet am Bahnhof 18 Parkpl&auml;tze sowie ein überdachtes Veloparking. Von hier aus lassen sich Spaziergaenge, Velotouren oder Badeplaetze am Walensee bequem erreichen.</div>;9.172768;47.1178636;8874;Mühlehorn;https://www.sbb.ch/de/reiseinformationen/bahnhoefe/bahnhof-finden/bahnhof.9418.muehlehorn.html;[{'@type': 'ImageObject', 'contentUrl': 'https://hltpimtsoch.sos-ch-dk-2.exoscale-cdn.com/catalog/e/c/4/f/ec4fc650001b1ea98063f46ec2e21dba9f8c2264_Bahnhof_Piktogramm_HLT.png'}];2026-04-23T04:25:06+02:00
0b75c1e5-cd8f-4cf1-91ab-f45d1e1fd6dd;Anlegestelle Hafen Murg-West;Schiff Ahoi, ab Murg-West durch den Schweizer "Fjord".;<p>Erforschen Sie die tiefblaue Mitte der Region und geniessen Sie die atemberaubende Bergkulisse auf dem Walensee. Lassen Sie sich von den majest&auml;tischen Churfirsten, der wild romantischen Natur, dem glasklaren Wasser und den fantastischen Stimmungen am Walensee verzaubern. Der Walensee, das Paradies f&uuml;r nah und fern. Die Schiffsbetrieb Walensee AG verbindet Orte, Angebote und Aktivit&auml;ten in idealer Weise. Die Verbindung nach Quinten ist auch im Winter durchgehend in Betrieb.</p><h3>Zugangsinformationen</h3><div class="rte"><ul><li>Stufenloser Zugang</li><li>Ein- und Ausstieg durch Personalhilfestellung</li><li>Gruppen ab 10 Personen und Rollst&uuml;hle m&uuml;ssen im Voraus angemeldet werden.</li><li>Kein taktiles Leitsystem vorhanden</li></ul></div>;9.2112148;47.1132277;8877;Murg;+41 81 720 34 34;info@walenseeschiff.ch;https://walenseeschiff.ch/de/fahrplan/anlegestellen/murg-west.html;[{'@type': 'ImageObject', 'contentUrl': 'https://hltpimtsoch.sos-ch-dk-2.exoscale-cdn.com/catalog/9/b/6/3/9b63244d6c6413aa1b399261afb6dc7987b59224_Anlegestelle_Hafen_Piktogramm_HLT.png'}];2026-04-22T04:15:03+02:00
1798f9fe-33c6-44ea-9609-27547b36268d;Feuerstelle Murg;Die Feuerstelle in Murg liegt direkt am Walensee am Wasser und befindet sich in der Nähe des Camping Murg mit Toiletten, Kiosk und Spielplatz.;<div>Die Feuerstelle in Murg am Walensee liegt in unmittelbarer N&auml;he zum Campingplatz und eignet sich ideal f&uuml;r eine gem&uuml;tliche Grillpause am See. Ein Abfalleimer ist vorhanden. Toiletten und ein Kiosk mit Snacks befinden sich beim nahegelegenen Camping Murg. Ein Spielplatz vom Spielerlebnis Walensee liegt in der N&auml;he. Die Feuerstelle wird vom Verkehrsverein Murg in Zusammenarbeit mit dem Camping Murg unterhalten.</div>;9.216692447662355;47.115028777446774;8877;Murg;+41 81 720 18 18;flumserberg@heidiland.com;https://www.heidiland.com;[{'@type': 'ImageObject', 'contentUrl': 'https://hltpimtsoch.sos-ch-dk-2.exoscale-cdn.com/catalog/0/d/0/7/0d0779206fe308c99e7d519bc109496782e2ff34_Feuerstelle_Piktogramm_HLT.png'}];2026-04-21T13:00:20+02:00
19a1ec89-b583-4b84-82f8-08c1e664f683;Spielplatz Prodalp Flumserberg;Der Spielplatz Prodalp Flumserberg bietet Kindern auf 1500 m Höhe über dem Walensee vielfältige Spielmöglichkeiten. Mit Hüpfkissen, Hüpfburg, Schaukeln und einem Veloparcours ist er ideal für Bewegung und Spass. In der Nähe befinden sich das Restaurant Prodalp und der Kletterturm Cliimber.;<p>Ein abwechslungsreicher Spielplatz mit einem Hüpfkissen und einer Hüpfburg, die den Kindern viel Raum für energievolles Springen und Toben bieten. Es gibt mehrere Schaukeln, die sowohl für kleinere als auch für größere Kinder geeignet sind. Ein Spielturm mit Kletterelementen und einer kleinen Rutschbahn lädt zu Abenteuern und ersten Kletterversuchen ein. Außerdem sorgt ein spezieller Veloparcours für die Kleinen dafür, dass sie mit ihren Fahrrädern oder den vorhandenen Laufrädern sicher fahren und ihre Geschicklichkeit verbessern können. Ein Ort voller Bewegung und Spaß für Kinder unterschiedlichen Alters! In der Nähe befindet sich das Restaurant Prodalp, sowie der Kletterturm «Cliimber». </p>;9.2893443;47.0806776;Prodalp;8897;Flumserberg;info@flumserbergbahnen.ch;[{'@type': 'ImageObject', 'contentUrl': 'https://hltpimtsoch.sos-ch-dk-2.exoscale-cdn.com/catalog/6/f/5/a/6f5a37c7bff6ede25318564d8bf6de18df91a817_tkv_hlt_spielplaetze_007_Prodalp_002A8499.jpg'}];2026-06-05T20:32:46+02:00
1e0fb5ef-18ad-4677-868b-fecdad041d7c;Bahnhof Unterterzen;Bahnhof Unterterzen nahe am Walensee mit P+Rail‑Parkplätzen und überdachtem Veloparking als idealer Startpunkt für Ausflüge in die Region und an den Flumserberg mit der Gondelbahn SeeJet.;<div>Der Bahnhof Unterterzen liegt nahe am Walensee und ist ein wichtiger Ankunfts- und Ausgangspunkt f&uuml;r Ausfl&uuml;ge in die Region sowie Richtung Flumserberg mit der Gondelbahn SeeJet. Der Bahnhof ist gut erschlossen und eignet sich ideal f&uuml;r eine kombinierte Anreise mit Bahn, Auto oder Velo. Am Bahnhof stehen 5 Parkpl&auml;tze (P+Rail Unterterzen) zur Verf&uuml;gung sowie ein &uuml;berdachtes Veloparking mit 18 Pl&auml;tzen.</div>;9.2549987;47.1138237;8882;Unterterzen;https://www.sbb.ch/de/reiseinformationen/bahnhoefe/bahnhof-finden/bahnhof.9416.unterterzen.html;[{'@type': 'ImageObject', 'contentUrl': 'https://hltpimtsoch.sos-ch-dk-2.exoscale-cdn.com/catalog/b/9/f/d/b9fd2984fdc3f7d448b534f90f35c5863485e510_Bahnhof_Piktogramm_HLT.png'}];2026-04-23T22:46:21+02:00
2236050a-0fd1-44cd-ad11-27056cae9138;Feuerstelle Freudenberg;Die Feuerstelle Freudenberg oberhalb von Bad Ragaz liegt bei der Ruine Freudenberg und bietet eine sonnige Grillmöglichkeit mit Sitzplätzen, Wiese und schöner Aussicht auf die umliegende Berglandschaft.;<p>Die Feuerstelle Freudenberg befindet sich rund einen Kilometer nordwestlich von Bad Ragaz im Burghof der Ruine Freudenberg. Sie liegt neben einer grossen Wiese, die zum Verweilen und Spielen einl&auml;dt, und ist von den historischen Mauern der Ruine umgeben. Der Grillplatz ist mehrheitlich sonnig, einzelne B&auml;ume spenden etwas Schatten.</p><p>Vor Ort stehen eine Feuerstelle mit Rost, Sitzgelegenheiten sowie Brennholz zur Verf&uuml;gung. Ein Brunnen mit Trinkwasser, Abfallentsorgung und eine Toilette sind ebenfalls vorhanden. Die Feuerstelle eignet sich gut f&uuml;r Einzelpersonen, Paare und Familien, jedoch nicht f&uuml;r gr&ouml;ssere Gruppen.</p><p>Der Zugang erfolgt ab den Parkm&ouml;glichkeiten &uuml;ber eine asphaltierte Strasse und einen gut begehbaren Kiesweg zur Ruine. Oben angekommen bietet sich eine sch&ouml;ne Aussicht auf Bad Ragaz und die umliegenden Berge.</p><p><strong>Lage</strong></p><ul><li>1 km nordwestlich von Bad Ragaz</li><li>Burghof der Ruine Freudenberg</li><li>600 m &uuml;. M.</li><li>Mehrheitlich sonnig</li></ul><p><strong>Erreichbarkeit</strong></p><ul><li>Zu Fuss oder mit dem Velo erreichbar</li><li>&Ouml;V: Bad Ragaz, Schulhaus Kleinfeld (1,7 km)</li><li>Parkpl&auml;tze im Dorf Bad Ragaz</li></ul><p><strong>Ausstattung</strong></p><ul><li>Feuerstelle mit Rost</li><li>Brennholz vorhanden</li><li>Ca. 15 Sitzpl&auml;tze an der Feuerstelle</li><li>Zus&auml;tzliche Sitzgelegenheiten</li><li>Nicht geeignet f&uuml;r gr&ouml;ssere Gruppen</li></ul><p><strong>Umgebung</strong></p><ul><li>Grosse Wiese in der Ruine</li><li>Spielm&ouml;glichkeiten vorhanden</li><li>Burg Freudenberg</li></ul><p><strong>Besonderes</strong></p><ul><li>Abfallentsorgung vorhanden</li><li>Trinkwasser (Brunnen)</li><li>WC vorhanden</li><li>Wanderweg Richtung Vilters</li></ul><p>Die Grillstelle wird unterhalten durch die Ortsgemeinde Bad Ragaz. Allf&auml;llige Besch&auml;digungen bitte diesem Kontakt melden.&nbsp;</p>;9.4924324;47.008979;7310;Bad Ragaz;081 303 70 10;kanzlei@og-badragaz.ch;https://www.og-badragaz.ch/;[{'@type': 'ImageObject', 'contentUrl': 'https://hltpimtsoch.sos-ch-dk-2.exoscale-cdn.com/catalog/8/f/0/d/8f0dea63725c57c38755f28268a34dc357d31fb9_Freudenberg_Bad_Ragaz.jpg'}];2026-07-13T09:21:40+02:00
2a77a924-b43d-4a99-a7ee-e5f55d9a1172;Kräuter-Pfarrer Künzle Museum;Das Kräuter-Pfarrer Künzle Museum in Vilters zeigt das Leben des Kräuterpfarrers, der elf Jahre in Wangs-Vilters tätig war. Geöffnet an jedem ersten und dritten Sonntag im Monat.;<p>Hoch &uuml;ber Vilters, im ehemaligen Pfarrhaus, &ouml;ffnete am 10. November 2019 das &laquo;Kr&auml;uter-Pfarrer K&uuml;nzle&raquo; Museum seine T&uuml;ren. Die Dauerausstellung zeigt das Leben und Wirken des Kr&auml;uterpfarrers, der w&auml;hrend elf Jahren in Wangs-Vilters als Pfarrer t&auml;tig war und dort auch 1945 begraben wurde. Ge&ouml;ffnet ist das Museum jeweils jeden ersten und dritten Sonntag im Monat, von 10 - 12 und 13-16 Uhr.</p><p>Flyer mit Daten <a href="https://pfarrerkuenzle.ch/wp-content/uploads/2026/01/Flyer-2026.pdf">https://pfarrerkuenzle.ch/wp-content/uploads/2026/01/Flyer-2026.pdf</a></p>;9.448006153106691;47.02292944947706;Sonnenbergstr. 32;7324;Vilters;+41 79 616 35 38;info@pfarrerkuenzle.ch;https://pfarrerkuenzle.ch/;[{'@type': 'ImageObject', 'contentUrl': 'https://hltpimtsoch.sos-ch-dk-2.exoscale-cdn.com/catalog/e/3/b/f/e3bf5f3e558ac11f81bbfc735b44dde0bee2c7a0_Museum_mit_Kirche.jpg'}];2026-08-07T20:39:58+02:00
38fc028b-ca2f-409a-8429-1fd2dc9d75a4;Anlegestelle Hafen Walenstadt;Schiff Ahoi, ab Walenstadt durch den Schweizer "Fjord".;<p>Erforschen Sie die tiefblaue Mitte der Region und geniessen Sie die atemberaubende Bergkulisse auf dem Walensee. Lassen Sie sich von den majest&auml;tischen Churfirsten, der wild romantischen Natur, dem glasklaren Wasser und den fantastischen Stimmungen am Walensee verzaubern. Der Walensee, das Paradies f&uuml;r nah und fern. Die Schiffsbetrieb Walensee AG verbindet Orte, Angebote und Aktivit&auml;ten in idealer Weise. Die Verbindung nach Quinten ist auch im Winter durchgehend in Betrieb.</p><h3>Zugangsinformationen</h3><div class="rte"><ul><li>Stufenloser Zugang</li><li>Ein- und Ausstieg durch Personalhilfestellung</li><li>Gruppen ab 10 Personen und Rollst&uuml;hle m&uuml;ssen im Voraus angemeldet werden.</li><li>Kein taktiles Leitsystem vorhanden</li></ul></div>;9.30146098136902;47.12757423628905;8880;Walenstadt;+41 81 720 34 34;info@walenseeschiff.ch;https://walenseeschiff.ch/de/fahrplan/anlegestellen/walenstadt.html;[{'@type': 'ImageObject', 'contentUrl': 'https://hltpimtsoch.sos-ch-dk-2.exoscale-cdn.com/catalog/e/9/e/4/e9e4080f5b32fc3edbb2b9cdd67ee87e459a6d0f_Anlegestelle_Hafen_Piktogramm_HLT.png'}];2026-04-22T04:15:01+02:00
39f4348c-0333-4760-84ee-16a3fdac5c75;Seilbahn Schönhalden;Seit 1976 bringt unsere Bartholet-Seilbahn Gäste von Flums-Saxli direkt zur Schönhalden.;<p>Unsere Seilbahn ist seit 1976 in Betrieb und wurde von der einheimischen Firma Bartholet AG erbaut. Die Pendelbahn mit je zwei gekoppelten 4er-Kabinen kann pro Stunde 40 Personen bef&ouml;rdern. Die Talstation in Flums Saxli liegt auf 640m &uuml;.M. von wo die Seilbahn auf einer L&auml;nge von 2'407m direkt bis zum Berghotel Sch&ouml;nhalden auf 1494m &uuml;.M. f&auml;hrt.</p>;9.3498915;47.078528;Saxlirank;8894;Flumserberg Saxli;+41 81 733 11 96;flury@schoenhalden.ch;https://www.schoenhalden.ch/seilbahn/;[{'@type': 'ImageObject', 'contentUrl': 'https://hltpimtsoch.sos-ch-dk-2.exoscale-cdn.com/catalog/8/7/a/d/87ad1d3fac1dc267a647330e60fd14c4ce82013b_Sch__nhalden_Sommer__1_.jpg'}];2026-06-20T08:31:45+02:00
3abdf12a-7658-4df7-bd79-e3366dfe8983;Feuerstelle Unterterzen;Feuerstelle direkt am Walensee mit Tischen, Sitzgelegenheiten, WC und Abfalleimer.;<div>Die Feuerstelle verf&uuml;gt &uuml;ber Tische und Sitzgelegenheiten und ist gut f&uuml;r eine gem&uuml;tliche Grillpause geeignet. Toiletten sowie Abfalleimer sind vor Ort vorhanden. Die Grillstelle wird vom Touristikverein Quarten Walensee unterhalten.</div>;9.248873591423036;47.11327670990599;8882;Unterterzen;+41 81 720 18 18;flumserberg@heidiland.com;https://www.heidiland.com;[{'@type': 'ImageObject', 'contentUrl': 'https://hltpimtsoch.sos-ch-dk-2.exoscale-cdn.com/catalog/8/8/9/0/88906317df347bd1ea9c1464fc4d395b5607314a_Feuerstelle_Piktogramm_HLT.png'}];2026-06-13T02:32:13+02:00
3b30c9b2-bf7d-46b5-9beb-10f1c8a0068f;Bergkäserei Mädris;In der Bergkäserei Mädris wird silofreie Bergmilch zu hochwertigen Produkten veredelt. Besuchende können an Führungen teilnehmen und die einzigartigen Melser Bergkäse probieren. Ein Ausflug in die umliegende Natur bietet sich an.;In der Bergkäserei Mädris wird die silofreie Bergmilch, die naturbelassene Rohmilch der Kühe von fünf Bergbauernfamilien, zu hochwertigen Milchprodukten veredelt. Im Käsekeller und im Kühlraum reifen die unverfälschten Melser Bergkäse und weitere Spezialitäten heran. 
Einzigartig ist ihr Geschmack, den das duftende Bergheu in den Wintermonaten und die saftigen Kräuter im Frühjahr in die Milchprodukte bringen. Unsere Bergheimet und Maiensässe liegen an der Bergflanke am Melser Hinterberg von 800-1200m Höhe. In diesem Lebensraum ist auch das Naturschutzgebiet Chapfensee eingebettet.

Käsereibesuch für Gruppen (Winter)
Für Gruppen offerieren wir eine unvergessliche Besichtigung unserer Bergkäserei. 
Angebot von Mitte Oktober bis Ende Mai (übrige Zeit nur ohne Käseherstellung).
- Begrüssung durch einen der drei Eigentümer der Bergkäserei Mädris
- Rundgang Milchannahme und Käserei
- Einblick in unseren Reifekeller
- Käsedegustation mit den Melser Bergkäsen mild / würzig / rezent, Chapfä-Mutschli, Bergträumli, Degustation der Mädriser Jogurt
- Gelegenheit zum Käsekauf direkt ab Käsekeller
Eine Anmeldung ist erforderlich.

Verbinden Sie einen Käsereibesuch bei uns mit einem Ausflug in die Natur. Bei bester Aussicht erlebt man die Wildheit des Melser Hinterbergs bei einem sanften Spaziergang durch das botanisch wertvolle Naturschutzgebiet Chapfensee. Lohnenswert im Sommer oder im Winter ist auch ein Abstecher ins wildromantische Weisstannental.
Der Bergweiler Mädris und die dazugehörigen Maiensässe liegen an einer Bergflanke hoch über dem Seeztal. Ein bezauberndes Eldorado für Wanderer und Biker. Von kleinen Rundwanderungen bis hin zu mehrtägigen Bergtouren bieten sich unzählige Möglichkeiten:
- Rundwanderung durch geschützte Moorlandschaften am Chapfensee
- Rundwanderung vom Chapfensee zur Sonnenterrasse Vermol
- Themenpfad Melser Geoweg
- Erdpyramiden und Wasserkraft: Wanderung ins Seeztobel
- Bergwanderung Vermol - Alp Tamons - Hüenerchopf
- Panoramaweg Chapfensee - Schwarzenberg - Berghotel Schönhalden
- WALSA-Höhenweg, Bad Ragaz - Amden
- Skitour oder Schneeschuhlaufen Vermol - Tamons - Hüeneri
- Bergtalwanderung Vermol - Schwendi - Weisstannen;9.392086458162218;47.05219913986842;Meilenstrasse 16;8886;Mädris-Vermol;+41 81 710 09 93;bergkaeserei@maedris.ch;http://www.maedris.ch;[{'@type': 'ImageObject', 'contentUrl': 'https://hltpimtsoch.sos-ch-dk-2.exoscale-cdn.com/catalog/e/f/6/a/ef6a9d82db5d84b0d58513dd641d9387b737ecf7_Bergk__serei_M__dris_6.jpg'}];2025-12-04T09:21:22+01:00
473d7015-be91-4781-8073-a26ac5244fee;Adanks kleine Farm;Adanks kleine Farm in Fläsch bietet eine Vielfalt an Demeter-Produkten. Schottische Hochlandrinder und Bruderhähne werden gehalten, während Safran, Polentamais und Knoblauch auf den Feldern gedeihen. Der Hofladen bietet diese wertvollen Produkte an.;Demeter-Bauernhof mit viel Flair für das Aussergewöhnliche. 
Wir halten schottische Hochlandrinder und Bruderhähne. Auf unseren Feldern wächst Safran, Polentamais, Knoblauch und natürlich Gras für unsere Rinder
Die wertvollen Produkte werden im schönen Hofladen angeboten. 
Der Hof liegt am Fuss des Fläscherbergs 1 km nach der Rheinbrücke nach Fläsch.;9.505635589917608;47.031034;Neugüter 251;7306;Fläsch;+41 79 364 53 32;juerg@adankskleinefarm.ch;http://adankskleinefarm.ch/#home;[{'@type': 'ImageObject', 'contentUrl': 'https://hltpimtsoch.sos-ch-dk-2.exoscale-cdn.com/catalog/3/1/f/0/31f0c997b4804b2be599aa1df05f1580957cb697_FC939D07_0EA8_4B2D_BD14_86FF81EBB5A0.jpeg'}];2026-06-22T11:21:54+02:00
479545b4-6a07-4be2-b99e-90327e41c7b9;Sarganserländer Maskenmuseum Flums;Das Sarganserländer Maskenmuseum in Flums zeigt rund 200 historische und zeitgenössische Holzmasken. Die Ausstellung ist in drei Räume unterteilt und bietet Einblicke in die regionale Maskenschnitzkunst.;Im Sarganserland gelten Flums, Mels und Walenstadt als die Hochburgen der Maskenschnitzer. Doch auch in anderen Gemeinden der Region wird dieser über 200 Jahre alte Brauch heute noch gepflegt. Rund 200 historische und zeitgenössische Holzmasken sind im Museum zu sehen und präsentieren das typische Brauchtum der Region. 
 
Das Sarganserländer Maskenmuseum wurde im Rahmen des 50-Jahr-Jubiläums der Talgemeinschaft Sarganserland Walensee 2006 in den Kellerräumlichkeiten des Flumser Rathauses realisiert. Die Ausstellung ist in drei Räume aufgeteilt. Der Raum der Region enthält typische Masken aus allen acht Sarganserländer Gemeinden. Hier erzählt eine Videoschau über die Entstehung einer einzelnen Holzmaske. Im Raum der Maskengeschichte sind historische Masken und wertvolle Raritäten sowie die zur Herstellung benötigten Schnitzwerkzeuge zu sehen. Der dritte Raum, der Raum der Masken, ist schliesslich den neueren Masken von zeitgenössischen Schnitzern gewidmet.;9.343642234774673;47.090096599999995;Marktstrasse 25;8890;Flums;+41792213132;bruno.bless@outlook.com;https://www.flums.ch/sehenswuerdigkeiten/8451;[{'@type': 'ImageObject', 'contentUrl': 'https://hltpimtsoch.sos-ch-dk-2.exoscale-cdn.com/catalog/0/7/9/b/079b61ba8b39c3b4b3a929dceb12b2b34eaa63e7_Sarganserl__nder_Maskenmuseum_5.jpg'}];2026-08-08T02:36:00+02:00
4b40c314-ff35-4391-a2dd-e7303190498b;Militärmuseum St.Luzisteig;Das Militärmuseum St. Luzisteig in Maienfeld bietet Einblicke in die Geschichte der Festung, die bis ins 15. Jahrhundert zurückreicht. Neben der Ausstellung wird ein Kurzfilm über die Luzisteig gezeigt.;40 Jahre lang war die Festung auf der St.Luzisteig Heimat der Trainrekrutenschulen und -truppen. Die bewegte Vorgeschichte und Geschichte der Luzisteig geht jedoch bis ins 15. Jahrhundert zurück.
Heute befindet sich auf der Passhöhe St.Luzisteig (zwischen Maienfeld und Balzers) im alten Arsenal ein sehenswertes Militärmuseum. Erleben Sie dort ein spannendes und bedeutendes Stück Zeitgeschichte. Nebst der Ausstellung wird dem Besucher ein Kurzfilm über die Geschichte rund um die St.Luzisteig vorgeführt. 

Eintrittspreise: 
Erwachsene CHF 10.00
Kinder (6-16 Jahre) CHF 5.00
Militär (uniformiert) CHF 3.00

Für Gruppen ab 10 Personen:
Erwachsene CHF 5.00
Kinder (6-16 Jahre) CHF 3.00
Militär (uniformiert) CHF 3.00

Das General-Stübli kann für diverse Anlässe und Bewirtungen auf Anfrage gebucht werden und bietet Platz bis zu 45 Personen.;9.529239535331728;47.02959419495996;Am Platz 1;7304;Maienfeld;079 367 81 56;info@luzisteig.ch;https://www.luzisteig.ch/home/;[{'@type': 'ImageObject', 'contentUrl': 'https://hltpimtsoch.sos-ch-dk-2.exoscale-cdn.com/catalog/0/1/9/8/0198ded5211d87c50a5546f0dab536c3cea444f5_Luzisteig_Milit__rmuseum.jpg'}];2026-08-29T16:30:14+02:00
5174356a-1a0e-4ce2-8d5a-119b9ca0d241;Seilbahn Vättnerberg;Die Seilbahn Vättnerberg fährt seit 1932 von Vättis auf 1065 m Länge und 625 m Höhe zum Vättnerberg – modernisiert 1972 und 2000.;<p>Die Seilbahn V&auml;ttnerberg, betrieben von der V&auml;ttnerberg Korporation, verbindet V&auml;ttis/Taminatal mit dem V&auml;ttnerberg (ca. 1600&ndash;1800 m &uuml;.M.). Die Bahn wurde urspr&uuml;nglich 1932 errichtet, 1972 elektrifiziert und 2000 umgebaut. Sie spannt sich &uuml;ber eine Seill&auml;nge von 1 065 m bei 625 m H&ouml;hendifferenz.</p>;9.4560546;46.9219972;7315;Vättis;+41 79 448 38 51;info@vättnerberg.ch;https://www.vättnerberg.ch/seilbahn/;[{'@type': 'ImageObject', 'contentUrl': 'https://hltpimtsoch.sos-ch-dk-2.exoscale-cdn.com/catalog/a/1/5/a/a15ad92d2d5042d1b9060c924961b682c2d7d4a6_Muntaluna_V__ttnerberg.jpg'}];2026-04-17T23:21:59+02:00
63f490ec-c7d6-4942-9669-c43fe5a43e59;Hof Eggenberger;Hof Eggenberger in Jenins bietet einen Landwirtschaftsbetrieb mit integriertem Hofladen und SCHLAFF-FASS. Der 2-Generationenhof liegt in der sonnigen Bündner Herrschaft und ist täglich von 06:00 bis 21:00 Uhr geöffnet.;Unsere 2-Generationenhof liegt inmitten der sonnigen Bündner Herrschaft im Herzen des Weinbaudorfes Jenins. Zusammen bewirtschaften wir mit viel Begeisterung und Elan unseren Landwirtschaftsbetrieb mit integrierten Hofladen und SCHLAFF-FASS.;9.558609724044802;46.99974157452924;Unterdorf 14;7307;Jenins;+41 79 543 87 93;eggenberger-roffler@bluewin.ch;https://www.hofeggenberger.ch;[{'@type': 'ImageObject', 'contentUrl': 'https://hltpimtsoch.sos-ch-dk-2.exoscale-cdn.com/catalog/d/c/6/8/dc688be87cfd613f2cf07a84934469413df5a376_a60bfd5416bb90b0ff51e1c6e4d6ac96e3c0d441_image_28_02_22_09_35_1.jpeg'}];2026-06-22T11:29:50+02:00
6d36b0b7-e698-4153-a38e-f27a91f4fd1f;Bahnhof Murg;Bahnhof Murg nahe am Walensee mit P+Rail‑Parkplätzen als idealer Ausgangspunkt für Ausflüge und Spaziergänge entlang des Seeuferwegs.;<div>Der Bahnhof Murg liegt in unmittelbarer N&auml;he des Walensees und dient als praktischer Ankunfts- und Ausgangspunkt für Ausflüge in die Region sowie entlang des Seeuferwegs Walensee. Der Bahnhof ist übersichtlich und gut angebunden. Wer mit dem Auto anreist, findet beim Bahnhof 15 Parkpl&auml;tze (P+Rail Murg). Von hier aus lassen sich Spazierg&auml;nge, Badepl&auml;tze und das Murgtal bequem erreichen.</div>;9.214890003204347;47.11332056556371;8877;Murg;https://www.sbb.ch/de/reiseinformationen/bahnhoefe/bahnhof-finden/bahnhof.9417.murg.html;[{'@type': 'ImageObject', 'contentUrl': 'https://hltpimtsoch.sos-ch-dk-2.exoscale-cdn.com/catalog/5/d/e/0/5de0a7674dc9319ca9e79fa02c798c835c31ac95_Bahnhof_Piktogramm_HLT.png'}];2026-04-23T04:14:43+02:00
7b3b71e1-93fa-4968-9910-7f97c6099834;Altes Bad Pfäfers bei der Taminaschlucht;Das Alte Bad Pfäfers, das älteste erhaltene Barockbad der Schweiz, liegt am Eingang der Taminaschlucht. Es bietet historische Räume, Museen und ein Restaurant und ist bekannt für das 36,5 °C warme Thermalwasser.;Das Alte Bad Pfäfers ist das älteste erhaltene Barockbad der Schweiz. Heute ist das historische Gebäude eine Kultursehenswürdigkeit mit überregionaler Ausstrahlung. Das geschichtsträchtige Haus steht am Eingang der Taminaschlucht, wo das berühmte 36,5° C warme Thermalwasser entspringt.

Die Geschichte des Alten Bad Pfäfers beginnt im Jahr 1240, als zwei Jäger eine 36,5° C warme Quelle in der Taminaschlucht entdecken. In deren Wasser erkennen die Mönche des nahe gelegenen Benediktiner-Klosters eine heilende Wirkung. Im Laufe der Jahrhunderte wächst das Bad zu einer international renommierten Kurstätte heran. Gebadet wird in Bad Pfäfers heute jedoch schon lange nicht mehr. Zwischen 1983 und 1995 wurde es umfassend renoviert. Es beheimatet heute ein beliebtes Restaurant und ist immer wieder Schauplatz diverser kultureller Veranstaltungen.

Das Museum Badgeschichte vermittelt einen Einblick in die wechselvolle Geschichte des Bades und des Badens von den Ursprüngen bis in die Gegenwart.

Das Museum Kloster Pfäfers zeigt die enge Verbindung zur Geschichte des Bades und stellt das Benediktiner-Kloster als geistliches und kulturelles Zentrum des Sarganserlandes dar, von der Gründung um 730 bis zur Aufhebung im Jahr 1838.

Die Paracelsus-Gedenkstätte zeigt das Leben und Wirken des Paracelsus, der als erster Badearzt im Alten Bad Pfäfers wirkte. Aber auch die neugotische Badkapelle und die restaurierte alte Küche sind einen Besuch wert.

Die grosszügig gestaltete Mediathek lädt zum Verweilen ein. Über verschiedene Medien wird die Geschichte des Alten Bad Pfäfers vermittelt.
Ein neuer Audiowalk lädt auf einen virtuellen Spaziergang zur Blütezeit des Bad Pfäfers um 1833 ein.;9.487643;46.9739994;Taminaschlucht;7310;Pfäfers;+41 81 302 71 61;office@altes-bad-pfaefers.ch;http://www.altes-bad-pfaefers.ch;[{'@type': 'ImageObject', 'contentUrl': 'https://hltpimtsoch.sos-ch-dk-2.exoscale-cdn.com/catalog/c/1/f/8/c1f86574153c154cd4cceb2cf99dac333a97d66d_Bad_Pfaefers_Mai13.JPG'}];2026-08-11T20:13:07+02:00
7b4819e6-37ee-4d8b-848f-f73ee15ba1aa;Burgruine Gräpplang;Frei zugängliche Ruine hoch über dem Dorf Flums mit eindrucksvoller Aussicht aufs Sarganserland; ein bedeutendes Kulturgut, erschlossen durch ein modernes Treppensystem. Feuerstelle zum Grillieren. Eventraum für Anlässe.;<div>Die <strong>Burgruine Gr&auml;pplang</strong> thront hoch &uuml;ber Flums und bietet eine eindrucksvolle Aussicht auf das Sarganserland.</div><p>&nbsp;</p><p>Auf dem Burgh&uuml;gel steht die Ruine der im Mittelalter bekannt gewordenen Ritterburg, welche die Herren von Flums um 1220 auf der "crap long", dem "langen Felsen", errichteten. Nach mehreren Lehen-Besitzern f&auml;llt die Burg 1419 an Z&uuml;rich. 1440 wird sie durch Glarner und Schwyzer Truppen zerst&ouml;rt. Ludwig Tschudi kauft 1528 die Festung, die nach reger Baut&auml;tigkeit 1767 infolge finanzieller Probleme wieder ver&auml;ussert werden muss. Es folgen mehrere Besitzer, bis die Burg, verwahrlost, im Jahre 1804 zum Abbruch verkauft wird. 1923 erwirbt, renoviert und unterh&auml;lt die Gemeinde Flums die Ruine.</p><p>Dass nicht alle Burgherren gute Herren gewesen sind, zeigen die Legenden &bdquo;Schloss Gr&auml;pplang&ldquo; und &bdquo;Der b&ouml;se Burgherr&ldquo;. Beide berichten von einem Tyrannen, der seine Untertanen ausn&uuml;tzt. Betreten Sie die gut restaurierte Ruine und versetzen Sie sich in fr&uuml;here Zeiten. Die Mauern und eingezogenen Treppen vermitteln Ihnen ein gutes Bild der Burg. Geniessen Sie im oberen, grossen Raum die Aussicht. Hier finden Sie einen kraftvollen Ort, der sich von seiner Energiequalit&auml;t her als Kultplatz eignet. F&uuml;r die Bewohner der Burg ist der Platz sicherlich zu stark gewesen. Hat eventuell einer der b&ouml;sen Burgherren hier getafelt oder gar hier geschlafen, k&ouml;nnen wir uns seine Unausgeglichenheit, die sich zur Tyrannei entwickelt hat, gut vorstellen.</p><p>Bei der Feuerstelle im ehemaligen Burghof finden Sie nochmals einen Kraftplatz mit Kultplatzqualit&auml;ten. Die Intensit&auml;t seiner Energien ist bedeutend h&ouml;her als im Rest der Burg. Funde belegen, dass der Ort schon vor seiner Besiedelung, seit der Jungsteinzeit, von Menschen besucht worden ist.</p>;9.332059621810915;47.10285654399423;Gräpplangstrasse 32;8890;Flums;+41 79 555 49 64;ruinegraepplang@gmail.com;https://www.ruinegraepplang.ch/;[{'@type': 'ImageObject', 'contentUrl': 'https://hltpimtsoch.sos-ch-dk-2.exoscale-cdn.com/catalog/7/7/c/3/77c379b8c23700010eb5059c52f8519958d57db1_tkv_graepplang_DJI_0055_HDR.JPG', 'caption': {'de': 'Burgruine Gräpplang', 'en': 'Gräpplang Castle ruins'}}];2026-05-14T23:20:26+02:00
8977ce24-4adc-4996-a934-4ba82331b345;Anlegestelle Hafen Betlis;Schiff Ahoi, ab Betlis durch den Schweizer "Fjord".;<p>Erforschen Sie die tiefblaue Mitte der Region und geniessen Sie die atemberaubende Bergkulisse auf dem Walensee. Lassen Sie sich von den majest&auml;tischen Churfirsten, der wild romantischen Natur, dem glasklaren Wasser und den fantastischen Stimmungen am Walensee verzaubern. Der Walensee, das Paradies f&uuml;r nah und fern. Die Schiffsbetrieb Walensee AG verbindet Orte, Angebote und Aktivit&auml;ten in idealer Weise. Die Verbindung nach Quinten ist auch im Winter durchgehend in Betrieb.</p><h3>Zugangsinformationen</h3><div class="rte"><ul><li>Stufenloser Zugang</li><li>Ein- und Ausstieg durch Personalhilfestellung</li><li>Gruppen ab 10 Personen und Rollst&uuml;hle m&uuml;ssen im Voraus angemeldet werden.</li><li>Kein taktiles Leitsystem vorhanden</li></ul></div>;9.1459512;47.1343466;8872;Betlis;+41 81 720 34 34;info@walenseeschiff.ch;https://walenseeschiff.ch/de/fahrplan/anlegestellen/betlis.html;[{'@type': 'ImageObject', 'contentUrl': 'https://hltpimtsoch.sos-ch-dk-2.exoscale-cdn.com/catalog/b/a/4/7/ba4755ef6117ca3a2957b129e0fd817cf5031410_Anlegestelle_Hafen_Piktogramm_HLT.png'}];2026-04-22T04:14:58+02:00
8b2c1425-db3a-41f7-8f57-081ebb03e5ff;Ortsmuseum Walenstadt;Das Ortsmuseum Walenstadt widmet sich der Geschichte der Stadt. Es zeigt Urkunden, Bilder bedeutender Persönlichkeiten und Exponate wie die Originalmasken der Gemeinderölli. Der Verkehrsweg Sarganserland-Walensee und die Wasserkraftnutzung Widenbach werden anschaulich dargestellt.;Das Ortsmuseum widmet sich der Geschichte von Walenstadt. Neben Urkunden der Stadt werden Bilder bedeutender Persönlichkeiten präsentiert. Der Verkehrsweg Sarganserland-Walensee und die Wasserkraftnutzung Widenbach werden anschaulich dargestellt. Spezielle Exponate sind die Originalmasken der Gemeinderölli von Walenstadt und die Holzmasken von Berschis.

Öffnungszeiten: 1. Samstag jeden Monats: Von 10.00 - 11. 00 Uhr. Um 10.00 Uhr Führung durch das Ortsmuseum, bei Interessen mit Stadtrundgang.
Anmeldungen für Führungen ausserhalb dieses Termins sind per Mail möglich.;9.3148602;47.1242197;Rathausplatz 1;8880;Walenstadt;+41 00 000 00 00;ortsbuerger.walenstadt@bluewin.ch;https://www.ortsgemeinde-walenstadt.ch/oeffentlichkeit/ortsmuseum/;[{'@type': 'ImageObject', 'contentUrl': 'https://hltpimtsoch.sos-ch-dk-2.exoscale-cdn.com/catalog/c/7/9/d/c79da53115823a0e66a2854da11a25f1806d8d35_690_online_1_Altes_Rathaus_Walenstadt_Ortsmuseum.jpg'}];2026-08-01T16:30:15+02:00
8d942e32-50a0-4956-b517-02d47599afc0;Burganlage Neu-Aspermont;Die Burganlage Neu-Aspermont in Jenins stammt aus dem 13. Jahrhundert und ist ganzjährig zugänglich. Sie wurde nach dem Schwabenkrieg 1499 wieder aufgebaut und bietet eine Wendeltreppe im Turm.;Die Burg Neu-Aspermont stammt aus dem 13. Jahrhundert. In den Urkunden wird im Jahr 1120 ein Ritter Aspermont, Vice-Domenicus des Bischofs von Chur, erwähnt. Die Burg blieb über Generationen in dessen Familie. Die Grafen von Aspermont hatten auch bei Thorenbüren, dem heutigen Dornbirn, verschiedene Besitztümer. Ulrich XI übersiedelte 1376 auf einen Sitz innerhalb der dortigen Ländereien und nahm den Namen Rauenberg an, was so viel wie Aspermont bedeuten könnte. 

Während des so genannten Schwabenkriegs 1499 wurde Neu-Aspermont zerstört. Adelsmann Dietpold von Schlandersberg liess die Burg wieder aufbauen und den Turm um zwei Geschosse aufstocken. Um 1538 übernahm zwischenzeitlich der Grüscher Peter von Finer, seines Zeichens Landvogt zu Castels, die Burg. Der legendäre Ritter von Molina war im Jahr 1630 einer der letzten Bewohner von Neu-Aspermont. 

1863 konnte Hauptmann Ernst Rhomberg aus Dornbirn die Burg von drei Jeninser Bürgern erwerben. Von 1999-2025 wurden durch den Verein und die Stiftung Burg Neu-Aspermont umfassende Konservierungsarbeiten durchgeführt. 2014 gelangte die Burg in den Besitz des Vereins und 2017 wurde sie der Stiftung Burg Neu-Aspermont übertragen. Die Burg ist öffentlich zugänglich mit einer Wendeltreppe im Innern des Turms.;9.5652261;47.0032475;Alpweg;7307;Jenins;+79 681 29 30;info@neu-aspermont.ch;https://www.neu-aspermont.ch/;[{'@type': 'ImageObject', 'contentUrl': 'https://hltpimtsoch.sos-ch-dk-2.exoscale-cdn.com/catalog/3/d/0/f/3d0f600c310421e6514a5a5c236ca974bd2df1b5_Aspermont_Turm.jpg'}];2026-06-24T14:42:53+02:00
907ec4a4-9c87-417d-bb37-64d7684e38a8;Bahnhof Ziegelbrücke;Der Bahnhof Ziegelbrücke bietet umfangreiche Mobilitäts‑ und Serviceangebote mit Schliessfächern, überdachtem Veloparking und P+Rail‑Parkplätzen.;<div><p>Der <strong>Bahnhof Ziegelbr&uuml;cke</strong> verf&uuml;gt &uuml;ber eine gut ausgebaute Infrastruktur f&uuml;r Reisende und Pendlerinnen sowie Pendler. Zur Ausstattung geh&ouml;ren <strong>Schliessf&auml;cher auf Stadtebene</strong> in verschiedenen Gr&ouml;ssen f&uuml;r die sichere Aufbewahrung von Gep&auml;ck. Die Schliessf&auml;cher stehen in den Gr&ouml;ssen S und M zur Verf&uuml;gung und k&ouml;nnen je nach Saison und Mietdauer genutzt werden.</p><p>F&uuml;r die umweltfreundliche Anreise mit dem Fahrrad stehen <strong>72 &uuml;berdachte Veloparkpl&auml;tze</strong> zur Verf&uuml;gung. Zudem bietet das <strong>P+Rail‑Angebot in Ziegelbr&uuml;cke 105 Parkpl&auml;tze</strong>, die eine komfortable Kombination von Auto und Bahn erm&ouml;glichen.</p><p>Dank dieser Ausstattung eignet sich der Bahnhof Ziegelbr&uuml;cke ideal als Umsteige‑ und Ausgangspunkt f&uuml;r Reisen in die Region sowie f&uuml;r den t&auml;glichen Pendlerverkehr.</p></div>;9.0599519;47.1361374;8866;Ziegelbrücke;https://www.sbb.ch/de/reiseinformationen/bahnhoefe/bahnhof-finden/bahnhof.3225.ziegelbruecke.html;[{'@type': 'ImageObject', 'contentUrl': 'https://hltpimtsoch.sos-ch-dk-2.exoscale-cdn.com/catalog/6/4/0/c/640c6c83a381055f3b0c6e7cefda2ba0a0b2ae58_Bahnhof_Piktogramm_HLT.png'}];2026-04-26T04:38:24+02:00
91104eaa-c668-4d79-b848-74bd514628c6;Feuerstelle Mols;Die Feuerstelle in Mols liegt direkt am Strand und ist ideal zum Grillieren und Baden am Walensee. Spielplatz, Bistro, Fotopoint, WC und kostenpflichtige Parkplätze befinden sich in der Nähe.;<p>Die Feuerstelle in Mols liegt direkt am Strand und eignet sich ideal zum Grillieren und Baden am Walensee. In unmittelbarer N&auml;he befinden sich ein Spielplatz vom Spielerlebnis Walensee, das Bistro Hafen West, eine beliebte Strandschaukel als Fotopoint sowie eine &ouml;ffentliche Toilette. Kostenpflichtige Parkpl&auml;tze sind ebenfalls vorhanden.</p>;9.284627437591555;47.113590678624234;8885;Mols;+41 81 720 18 18;flumserberg@heidiland.com;https://www.heidiland.com;[{'@type': 'ImageObject', 'contentUrl': 'https://hltpimtsoch.sos-ch-dk-2.exoscale-cdn.com/catalog/0/0/5/8/00583c31fc00ca1151f7c4d3f3e194427ae653a4_Feuerstelle_Piktogramm_HLT.png'}];2026-04-30T17:59:10+02:00
9605cf4e-626c-415f-9d47-acb9de0741c7;Anlegestelle Hafen Mühlehorn;Schiff Ahoi, ab Mühlehorn durch den Schweizer "Fjord".;<p>Erforschen Sie die tiefblaue Mitte der Region und geniessen Sie die atemberaubende Bergkulisse auf dem Walensee. Lassen Sie sich von den majest&auml;tischen Churfirsten, der wild romantischen Natur, dem glasklaren Wasser und den fantastischen Stimmungen am Walensee verzaubern. Der Walensee, das Paradies f&uuml;r nah und fern. Die Schiffsbetrieb Walensee AG verbindet Orte, Angebote und Aktivit&auml;ten in idealer Weise. Die Verbindung nach Quinten ist auch im Winter durchgehend in Betrieb.</p><h3>Zugangsinformationen</h3><div class="rte"><ul><li>Stufenloser Zugang</li><li>Ein- und Ausstieg durch Personalhilfestellung</li><li>Gruppen ab 10 Personen und Rollst&uuml;hle m&uuml;ssen im Voraus angemeldet werden.</li><li>Kein taktiles Leitsystem vorhanden</li></ul></div>;9.17436718940735;47.11828529119371;8874;Mühlehorn;+41 81 720 34 34;info@walenseeschiff.ch;https://walenseeschiff.ch/de/fahrplan/anlegestellen/muehlehorn.html;[{'@type': 'ImageObject', 'contentUrl': 'https://hltpimtsoch.sos-ch-dk-2.exoscale-cdn.com/catalog/c/8/3/2/c832f9e8e209c8362da2eb6557b643fe6779a2e8_Anlegestelle_Hafen_Piktogramm_HLT.png'}];2026-04-28T22:02:09+02:00
a11d909d-ad31-42b3-adf1-4ebe968ba3cc;Bahnhof Walenstadt;Bahnhof Walenstadt nahe am Walensee mit P+Rail‑Parkplätzen und grossem überdachtem Veloparking als zentraler Startpunkt für Ausflüge in die Region.;<div>Der Bahnhof Walenstadt liegt nahe am Walensee und ist ein zentraler Ankunfts- und Ausgangspunkt f&uuml;r Ausfl&uuml;ge entlang des Seeuferwegs sowie in die umliegende Region. Der Bahnhof ist gut erschlossen und erm&ouml;glicht eine komfortable Kombination von Bahn, Auto und Velo. Am Bahnhof stehen 49 Parkpl&auml;tze zur Verf&uuml;gung (P+Rail Walenstadt) sowie ein &uuml;berdachtes Veloparking mit 147 Pl&auml;tzen.</div>;9.31295692920685;47.119906012635944;8880;Walenstadt;https://www.sbb.ch/de/reiseinformationen/bahnhoefe/bahnhof-finden/bahnhof.9414.walenstadt.html;[{'@type': 'ImageObject', 'contentUrl': 'https://hltpimtsoch.sos-ch-dk-2.exoscale-cdn.com/catalog/d/3/0/5/d305edb2bed141529e687c33be8572803a949e6c_Bahnhof_Piktogramm_HLT.png'}];2026-04-16T02:33:18+02:00
a2ce8640-b677-447c-b638-a7ffb298e87f;Aussichtsplattform Pizalun;Die Aussichtsplattform Pizalun auf dem St. Margrethenberg bietet eine beeindruckende Rundumsicht auf die Berge von St. Gallen und Graubünden. Sie ist in weniger als einer Stunde von der Talstation des Skilifts Tristeli erreichbar.;Die Aussichtsplattform Pizalun auf der Hochebene St. Margrethenberg bietet eine Rundumsicht auf die umliegende St. Galler und Bündner Bergwelt. Dank den Panoramatafeln kann man die vielen Berge rundherum ganz einfach benennen. Zu Füssen liegt einem die Bündner Herrschaft und das Sarganserland. Und der Blick entlang dem Rhein führt bei guter Sicht bis zum Bodensee. 

Die Aussichtsplattform ist ab der Talstation des Skilifts Tristeli in einer knappen Stunde erreichbar. Auf einem leicht ansteigenden Wanderweg geht es durch Wälder und über blumenreiche Wiesen dem Gipfel Pizalun entgegen. Ganz nach oben zur Aussichtsplattform Pizalun führt eine steile aber gut ausgebaute Treppe. Vom Pizalun runter Richtung Fürggli führt ein gemütlicher Wanderweg an der Bergwirtschaft Jägeri vorbei. Wieder auf der Hochebene geht es auf der selten befahrenen Strasse zurück zum Ausgangspunkt.;9.5203328;46.9711004;7313;St. Margrethenberg;+41 81 300 40 20;badragaz@heidiland.com;https://heidiland.com/de/service/tourist-office.html;[{'@type': 'ImageObject', 'contentUrl': 'https://hltpimtsoch.sos-ch-dk-2.exoscale-cdn.com/catalog/f/a/8/7/fa87a569398724a69c074704e5b06c8dbab97084_Aussichtsplattform__Pizalun_Sankt_Margrethenberg1.JPG'}];2026-08-14T12:02:42+02:00
afbc09b5-fd1c-4e44-9945-cf0634eb8a8d;Paxmal;Das Paxmal in Walenstadtberg ist ein Friedensdenkmal von Karl Bickel, das zur inneren Einkehr und Meditation einlädt. Es ist von Frühling bis Herbst frei zugänglich und bietet einen beeindruckenden Blick auf die Churfirsten und den Walensee.;Mit dem Paxmal, dem Friedensmal, dessen Grundgedanke der Frieden für alle ist, schaffte Karl Bickel einen Ort der inneren Einkehr, der Meditation über den Menschen und seine Ziele, seine Lebens- und seiner Gesellschaftsformen.

Der Künstler wird 1886 in Zürich-Hirslanden geboren und verliert mit vier Jahren seinen Vater. 1900 bis 1904 macht er eine Lehre als Lithograf und Clichéezeichner im Atelier Paul Bleuer. In der grafischen Anstalt Hüttner wird er technischer Leiter und eröffnet 1908 sein eigenes grafisches Atelier. Bis 1912 stellt er Briefköpfe, Geschäftsempfehlungskarten und Modekataloge her. 1913 erkrankt Bickel an Tuberkulose und weilt über ein Jahr zur Kur in Walenstadtberg. Hier stellen sich Visonen ein, die er bei Genesung in Form eines Friedenstempels umsetzen will. 1924 beginnt er mit dem 25 Jahre dauernden Bau des Paxmals und lernt die St. Gallerin Berta Albrecht, die er 1926 heiratet, kennen. Sein Sohn Karl wird 1927 geboren. Bickel stirbt mit 96 Jahren 1982 auf Schrina-Hochrugg.

Das Paxmal ist ein hoch interessanter Ort des Staunens. Energetisch reicht es nicht zum Kraftort. Geniessen Sie den Platz zwischen den monumentalen Churfirsten und dem Walensee, setzen Sie sich mit dem Kunstwerk und seinen Aussagen auseinander und lassen Sie Ihre Seele fliegen, wenn sich der Himmel im Wasser spiegelt.

Das Paxmal ist von Frühling bis Herbst frei zugänglich.;9.270269293307088;47.142272649999995;8881;Walenstadtberg;081 710 27 77;info@museumbickel.ch;https://www.museumbickel.ch/index.php/paxmal;[{'@type': 'ImageObject', 'contentUrl': 'https://hltpimtsoch.sos-ch-dk-2.exoscale-cdn.com/catalog/d/6/7/b/d67b80aa6015b8a81fef3c7e55aaf09d1bfe3ac1_Paxmal_by_Karl_Bickel.jpg'}];2026-05-14T08:34:21+02:00
b4874419-78c1-4c12-a36b-c8f4ac7d0890;Riesenhüpfkissen Flumserberg Prodalp;Das Riesenhüpfkissen auf Prodalp befindet sich neben dem Kletterturm CLiiMBER und dem Bergrestaurant Prodalp. Die Nutzung ist kostenlos und bietet Spass für Familien in der Sommersaison.;Das Hüpfkissen auf Prodalp steht gleich neben dem Kletterturm CLiiMBER und dem Bergrestaurant Prodalp. Die Benutzung ist kostenlos.;9.28898334503174;47.080340311768;Prodalp;8897;Flumserberg Tannenheim;+41 81 720 15 15;info@flumserbergbahnen.ch;https://www.flumserberg.ch;[{'@type': 'ImageObject', 'contentUrl': 'https://hltpimtsoch.sos-ch-dk-2.exoscale-cdn.com/catalog/a/4/3/c/a43c5adfb76670f66817c76111bd2f757c85d81a_tkv_bbf_prodalpsommer_0004__O5A4381.jpg'}];2026-05-15T08:43:20+02:00
bcc948d6-8b08-4e4e-90eb-214b0bce8748;Spielerlebnis Walensee - Quinten;Das Spielerlebnis Walensee in Quinten ist der grösste Themenspielplatz der Schweiz. Es bietet eine spannende Schnitzeljagd für Familien, kombiniert mit Schiffsfahrten und Entdeckungen auf sechs Spielplätzen rund um den Walensee.;Das Spielerlebnis Walensee ist der grösste Themenspielplatz der Schweiz und bietet eine spannende Schnitzeljagd für die ganze Familie. Unter dem Motto «Wer löst das Geheimnis vom Walensee?» erleben die Kinder Spiel- und Rätselplausch verbunden mit Schiffsfahrten und Entdeckungen auf sechs Spielplätzen rund um den Walensee. Das Spiel ist so aufgebaut, dass bereits Kinder ab 6 Jahren mit ein wenig Hilfe das Rätsel lösen können.

Quinten:
Die «Costa del Sol» in Quinten ist berühmt für ihr südliches Klima und nur via Seeweg erreichbar. Der neue Themenwanderweg entlang der Küste verrät Wissenswertes über die exotischen Früchte und Tiere an diesem paradiesischen, kleinen Ort.;9.216027259826662;47.12894624011246;8878;Quinten;+41817201818;mara@spielerlebnis-walensee.ch;https://www.spielerlebnis-walensee.ch;[{'@type': 'ImageObject', 'contentUrl': 'https://hltpimtsoch.sos-ch-dk-2.exoscale-cdn.com/catalog/f/4/0/3/f4039ac7295c764719f432c699c90c943d6b5f52_IMAG0989.jpg'}];2026-06-30T09:05:44+02:00
bfdc2562-ebaf-472c-9b42-b24401931070;loftgalerie in der alten Spinnerei;Die loftgalerie in der alten Spinnerei am Walensee bietet Ausstellungen von Kunstschaffenden aus dem In- und Ausland. Der Ort verbindet Nachhaltigkeit mit industrieller Vergangenheit und persönlicher Gastfreundschaft.;Mit viel Liebe zum Detail, Kreativität und Herzblut wurde aus der ehemaligen, denkmalgeschützten Spinnerei am Walensee ein neuer Ort der Begegnung geschaffen. Nachhaltigkeit und der Bezug zur industriellen Vergangenheit sind dabei ebenso wichtig wie persönlich geprägte Gastfreundschaft. 

Beispiel für den gelebten kreativen Geist ist die loftgalerie. In Zusammenarbeit mit Kurator Andrin Schütz finden Ausstellungen von interessanten Kunstschaffenden aus dem In- und Ausland statt.;9.2170854;47.1124346;Alte Spinnerei;8877;Murg;+41 81 720 35 75;info@lofthotel.ch;https://www.seekultour.ch/;[{'@type': 'ImageObject', 'contentUrl': 'https://hltpimtsoch.sos-ch-dk-2.exoscale-cdn.com/catalog/6/b/6/6/6b666083c3df699a68cd828e990432fee3ddf87a_loftgalerie_in_der_alten_Spinnerei.jpg'}];2026-08-31T11:27:42+02:00
c35a95b9-bf8f-4158-82ed-4ad1c8aa692f;Feuerstelle Quinten;Die Feuerstelle liegt direkt am Walenseeufer zwischen Au und Quinten, ist gut erreichbar und bietet Abfalleimer, Trinkwasser sowie ein WC. Ein kleiner Kiesstrand lädt zum Verweilen am Wasser ein.;<p>Die Feuerstelle liegt direkt am Ufer des Walensees zwischen Au und Quinten und ist &uuml;ber einen kurzen Spaziergang auf dem Wanderweg gut erreichbar. Vor Ort gibt es Abfalleimer, einen Brunnen mit Trinkwasser sowie ein Toilettenh&auml;uschen. Direkt daneben l&auml;dt ein kleiner Kiesstrand zum Verweilen am Wasser ein.</p>;9.224159717559816;47.12926115232737;Au 2045;8878;Quinten;+41 81 720 18 18;flumserberg@heidiland.com;https://www.heidiland.com;[{'@type': 'ImageObject', 'contentUrl': 'https://hltpimtsoch.sos-ch-dk-2.exoscale-cdn.com/catalog/9/2/4/8/9248e99c636ea579c0af78c785d1ed24a1a84d2f_Feuerstelle_Piktogramm_HLT.png'}];2026-04-21T13:00:20+02:00
c402fdd7-ce21-4192-acc9-dbef0987c436;Anlegestelle Hafen Mols;Schiff Ahoi, ab Mols durch den Schweizer "Fjord".;<p>Erforschen Sie die tiefblaue Mitte der Region und geniessen Sie die atemberaubende Bergkulisse auf dem Walensee. Lassen Sie sich von den majest&auml;tischen Churfirsten, der wild romantischen Natur, dem glasklaren Wasser und den fantastischen Stimmungen am Walensee verzaubern. Der Walensee, das Paradies f&uuml;r nah und fern. Die Schiffsbetrieb Walensee AG verbindet Orte, Angebote und Aktivit&auml;ten in idealer Weise. Die Verbindung nach Quinten ist auch im Winter durchgehend in Betrieb.</p><h3>Zugangsinformationen</h3><div class="rte"><ul><li>Stufenloser Zugang</li><li>Ein- und Ausstieg durch Personalhilfestellung</li><li>Gruppen ab 10 Personen und Rollst&uuml;hle m&uuml;ssen im Voraus angemeldet werden.</li><li>Kein taktiles Leitsystem vorhanden</li></ul></div>;9.278147220611574;47.11298456996908;8885;Mols;+41 81 720 34 34;info@walenseeschiff.ch;https://walenseeschiff.ch/de/fahrplan/anlegestellen/mols.html;[{'@type': 'ImageObject', 'contentUrl': 'https://hltpimtsoch.sos-ch-dk-2.exoscale-cdn.com/catalog/9/0/6/6/9066737df6dfa0529d25cc7d30eef9f8677619a6_Anlegestelle_Hafen_Piktogramm_HLT.png'}];2026-04-23T22:46:19+02:00
c54b48e5-1095-432c-a2bf-c763582a1e3e;Anlegestelle Hafen Quinten;Schiff Ahoi, ab Quinten durch den Schweizer "Fjord".;<p>Erforschen Sie die tiefblaue Mitte der Region und geniessen Sie die atemberaubende Bergkulisse auf dem Walensee. Lassen Sie sich von den majest&auml;tischen Churfirsten, der wild romantischen Natur, dem glasklaren Wasser und den fantastischen Stimmungen am Walensee verzaubern. Der Walensee, das Paradies f&uuml;r nah und fern. Die Schiffsbetrieb Walensee AG verbindet Orte, Angebote und Aktivit&auml;ten in idealer Weise. Die Verbindung nach Quinten ist auch im Winter durchgehend in Betrieb.</p><h3>Zugangsinformationen</h3><div class="rte"><ul><li>Nur zu Fuss oder mit dem Schiff erreichbar</li><li>Stufenloser jedoch abfallender, bei Niedrigwasser steiler Zugang (erschwert f&uuml;r Rollst&uuml;hle/mobilit&auml;tseingeschr&auml;nkte Personen)</li><li>Ein- und Ausstieg durch Personalhilfestellung</li><li>Gruppen ab 10 Personen und Rollst&uuml;hle m&uuml;ssen im Voraus angemeldet werden.</li><li>Kein taktiles Leitsystem vorhanden</li></ul></div>;9.216102361679079;47.12872459402768;8878;Quinten;+41 81 720 34 34;info@walenseeschiff.ch;https://walenseeschiff.ch/de/fahrplan/anlegestellen/quinten.html;[{'@type': 'ImageObject', 'contentUrl': 'https://hltpimtsoch.sos-ch-dk-2.exoscale-cdn.com/catalog/6/1/9/8/6198d4456a92319c3a3dfcc3adf4b47a180b419e_Anlegestelle_Hafen_Piktogramm_HLT.png'}];2026-04-23T04:25:33+02:00
c5ad06f4-f62d-4e74-8311-8e3c97762047;Schloss Sargans, Museum Sarganserland;Das Schloss Sargans beherbergt das Museum Sarganserland und bietet eine beeindruckende Aussicht, ein historisches Restaurant und einen Torkelkeller. Es ist ein bedeutendes Zeugnis der Sarganser Geschichte und ein beliebtes Ausflugsziel.;In ihm sind Grafschaft und abwechslungsreiche Regierungszeit eidgenössischer Landvögte verkörpert, was es zum stolzesten Zeugen der Sarganserländer Heimatgeschichte macht. 1899 kaufte die Ortsgemeinde Sargans das baufällige Gebäude und rettete es durch zahlreiche Renovationen vor dem endgültigen Zerfall. 

Heute beherbergt das alte Grafenschloss neben dem "Restaurant Schloss Sargans" mit historischen Räumen das „Museum Sarganserland“. Es erhielt 1983 vom Europarat als erstes schweizerisches Museum den Preis «Museum des Jahres» und wurde 1987 unter die 37 besuchenswertesten Museen der Welt aufgenommen.

Die prächtige Aussicht, das Museum, das Restaurant, der lauschige Schlosshof und der wunderbare Torkelkeller mit seiner uralten Weinpresse machen einen Ausflug auf den ehemaligen Landvogtei-Sitz zu einem unvergesslichen Erlebnis.

EINTRITTSPREISE: Erwachsene 10 Fr. /Kinder 5 Fr. /Gruppenpreis ab 15 Personen 8 Fr. / Museumsführung 120 Fr.(1-20 Personen) und Kulturpfadführung 150 Fr.

;9.437401316477047;47.05020255964923;Schlossstrasse 25;7320;Sargans;+41 81 723 65 69;museum@schloss-sargans.ch;https://www.schloss-sargans.ch;[{'@type': 'ImageObject', 'contentUrl': 'https://hltpimtsoch.sos-ch-dk-2.exoscale-cdn.com/catalog/0/c/7/8/0c786480404bce58fd9119fac17625474dc962f1_Sargans_Schloss.JPG'}];2026-08-18T14:31:18+02:00
c80447b4-c34f-4b40-ab57-beaef6774e97;Brauchtumskäserei Alp Tannenboden;Die Brauchtumskäserei Alp Tannenboden bietet Einblicke in die traditionelle Käseherstellung. Besuchende können durch ein Schaufenster dem Käser zusehen oder an einer Führung mit Käse-Degustation teilnehmen. Es gibt auch die Möglichkeit, selbst Käse herzustellen.;Erleben Sie Urigkeit und Brauchtum auf unterhaltsame und spannende Art. Auf der Alp Tannenboden können Sie durch das Schaufenster im Restaurant dem Käser zuschauen. 

Falls Sie weiter hinter die Kulissen blicken möchten, empfiehlt sich eine Führung durch die Schaukäserei mit Käse-Degustation oder Sie schlüpfen gar selber in die Rolle des Sennen. In der Brauchtumskäserei können Sie Ihren eigenen Käse herstellen, über dem offenen Feuer wie anno dazumal in der um die Jahrhundertwende erbauten Alp- und Brauchtumskäserei Tannenboden. Kombinieren Sie die Führung mit einem anschliessenden Mittagessen wie Älplermagronen, Fondue oder Racclette.

Die Brauchtumskäserei ist Teil der Schaukäserei Tannenbodenalp, die über einen Themenspielplatz, Verkaufsräume für Alp-Produkte und weitere Attraktionen verfügt.;9.2880264;47.0900119;Alp Tannenbodenstrasse 4;8898;Flumserberg Tannenbodenalp;+41 81 733 00 23;info@sennenstube.ch;https://www.sennenstube.ch;[{'@type': 'ImageObject', 'contentUrl': 'https://hltpimtsoch.sos-ch-dk-2.exoscale-cdn.com/catalog/c/6/2/e/c62eb0e8c6d6ebef2b04d7173268741af8a18a05_Brauchtumsk__serei.jpg'}];2026-04-09T11:01:37+02:00
d3457d1b-7a95-4b8b-a8be-ffb116bc5c06;Marina Walensee Spielplatz;Direkt neben der Terrasse bietet der Spielplatz im Marina Walensee mit Kletterturm und Rutschbahn Spielspass – Eltern haben alles im Blick.;Auf dem Marina Walensee Spielplatz direkt beim Marina Restaurant sorgt ein Kletterturm mit Rutschbahn für jede Menge Spiel und Spass. Dank der Lage direkt neben der Restaurantterrasse können Eltern entspannt essen und ihre Kinder dabei jederzeit im Auge behalten. Des Weiteren verfügt das Marina Walensee über einen grossen Indoor-Spielraum.;9.2567652;47.1147669;Gostenstrasse 20;8882;Unterterzen;+41 81 720 31 00;reservation@marina-walensee.ch;https://www.marina-walensee.ch/;[{'@type': 'ImageObject', 'contentUrl': 'https://hltpimtsoch.sos-ch-dk-2.exoscale-cdn.com/catalog/3/8/f/6/38f6c660674fc86cb6befc01123b7239c366f373_tkv_hlt_spielplatze_0014_MarinaWalensee_52_2599.jpg'}];2026-04-21T17:08:55+02:00
d8131a9b-6a03-4eb6-b07c-f5f48f47b9c2;Anlegestelle Hafen Au;Schiff Ahoi, ab Hafen Au durch den Schweizer "Fjord".;<p>Erforschen Sie die tiefblaue Mitte der Region und geniessen Sie die atemberaubende Bergkulisse auf dem Walensee. Lassen Sie sich von den majest&auml;tischen Churfirsten, der wild romantischen Natur, dem glasklaren Wasser und den fantastischen Stimmungen am Walensee verzaubern. Der Walensee, das Paradies f&uuml;r nah und fern. Die Schiffsbetrieb Walensee AG verbindet Orte, Angebote und Aktivit&auml;ten in idealer Weise. Die Verbindung nach Quinten ist auch im Winter durchgehend in Betrieb.</p><h3>Zugangsinformationen</h3><div class="rte"><ul><li>Nur zu Fuss oder mit dem Schiff erreichbar</li><li>Stufenloser Zugang, jedoch aufgrund des steilen Kiesweges f&uuml;r Rollst&uuml;hle und Kinderwagen ungeeignet</li><li>Ein- und Ausstieg durch Personalhilfestellung</li><li>Gruppen ab 10 Personen und Rollst&uuml;hle m&uuml;ssen im Voraus angemeldet werden.</li><li>Kein taktiles Leitsystem vorhanden</li></ul></div>;9.2295974;47.1294553;8878;Quinten Au;+41 81 720 34 34;info@walenseeschiff.ch;https://walenseeschiff.ch/de/fahrplan/anlegestellen/au.html;[{'@type': 'ImageObject', 'contentUrl': 'https://hltpimtsoch.sos-ch-dk-2.exoscale-cdn.com/catalog/5/5/a/b/55ab90cdd2912ddc120a8e29684c5b42255b5a70_Anlegestelle_Hafen_Piktogramm_HLT.png'}];2026-04-22T04:03:45+02:00
d8ac0cdc-986e-4bfa-b0cc-7360a7e39c13;museumbickel;Das museumbickel in Walenstadt zeigt zeitgenössische Kunst aus der Schweiz und Nachbarländern. Es bietet drei bis vier Ausstellungen jährlich und ist ein bedeutender Kunstschauplatz der Region. Gruppenführungen sind auf Anfrage möglich.;Das museumbickel in Walenstadt besteht seit 2002 und wird von der Karl-Bickel-Stiftung getragen. Es realisiert drei bis vier Ausstellungen pro Jahr. Interessante zeitgenössische Positionen aus der Schweiz und den Nachbarländern werden gezeigt, wobei auch das Kunstschaffen in der Region regelmässig beleuchtet wird. Eine Ausstellung pro Jahr widmet sich den Werken von Karl Bickel.

Mit seinem eigenständigen Programm und zahlreichen anregenden Begleitveranstaltungen, wie Führungen, Konzerten, Podiumsdiskussionen, ist das museumbickel zu einem wichtigen Schauplatz des Kunstgeschehens der Region geworden.

Das museumbickel überzeugt mit seiner Ausstellungshalle von beinahe unveränderter Industriearchitektur des beginnenden zwanzigsten Jahrhunderts. Die säulenfreie Halle von 400 m2 bietet alles, was die grundlegenden Bedürfnisse der Kunst an Zeit und Raum, Stille und Licht verlangen.

Gruppenbesuche und Führungen auf Anfrage auch ausserhalb der Öffnungszeiten.;9.3121399;47.1218073;Zettlereistrasse 9;8880;Walenstadt;+41 81 710 27 77;info@museumbickel.ch;http://www.museumbickel.ch;[{'@type': 'ImageObject', 'contentUrl': 'https://hltpimtsoch.sos-ch-dk-2.exoscale-cdn.com/catalog/7/2/5/8/7258dcc91e08dc589f480310375c78cc20c45374__71B4421_HDR.jpg'}];2026-04-28T03:03:53+02:00
ed95a06f-ce7c-4f08-9f93-cf3bd4672764;Anlegestelle Hafen Weesen;Schiff Ahoi, ab Weesen durch den Schweizer "Fjord".;<p>Erforschen Sie die tiefblaue Mitte der Region und geniessen Sie die atemberaubende Bergkulisse auf dem Walensee. Lassen Sie sich von den majest&auml;tischen Churfirsten, der wild romantischen Natur, dem glasklaren Wasser und den fantastischen Stimmungen am Walensee verzaubern. Der Walensee, das Paradies f&uuml;r nah und fern. Die Schiffsbetrieb Walensee AG verbindet Orte, Angebote und Aktivit&auml;ten in idealer Weise. Die Verbindung nach Quinten ist auch im Winter durchgehend in Betrieb.</p><h3>Zugangsinformationen</h3><div class="rte"><ul><li>Stufenloser Zugang</li><li>Ein- und Ausstieg durch Personalhilfestellung</li><li>Gruppen ab 10 Personen und Rollst&uuml;hle m&uuml;ssen im Voraus angemeldet werden.</li><li>Kein taktiles Leitsystem vorhanden</li></ul></div>;9.099125862121584;47.13465851565205;8872;Weesen;+41 81 720 34 34;info@walenseeschiff.ch;https://walenseeschiff.ch/de/fahrplan/anlegestellen/weesen.html;[{'@type': 'ImageObject', 'contentUrl': 'https://hltpimtsoch.sos-ch-dk-2.exoscale-cdn.com/catalog/0/0/c/4/00c43c8633a5b2bf611bb16ee61018b0f4bda379_Anlegestelle_Hafen_Piktogramm_HLT.png'}];2026-04-21T12:59:04+02:00
f19f03a3-860e-4701-8ebb-7431c8adf1d3;Feuerstelle Walenstadt;Mehrere öffentliche Grillstellen direkt am Walensee mit Badeplätzen, Spielplatz, Beachvolleyballfeld, Kiosk sowie Holz zum Bräteln. Kostenpflichtige Parkplätze befinden sich in der Nähe.;<div>In Walenstadt befinden sich mehrere &ouml;ffentliche Grillstellen direkt am Ufer des Walensees, die zum Br&auml;teln und Verweilen einladen. In der N&auml;he liegen ein Spielplatz vom Spielerlebnis Walensee, ein Beachvolleyballfeld sowie ein kleiner Kiosk an der Strasse. Holz zum Br&auml;teln ist vorhanden, Badepl&auml;tze befinden sich direkt am See, und kostenpflichtige Parkpl&auml;tze sind gut erreichbar.</div>;9.300865530967714;47.12869964260964;8880;Walenstadt;flumserberg@heidiland.com;https://www.heidiland.com;[{'@type': 'ImageObject', 'contentUrl': 'https://hltpimtsoch.sos-ch-dk-2.exoscale-cdn.com/catalog/1/8/e/1/18e15b8112dad6fdcf303dc94ad6433ed45f2fe4_Feuerstelle_Piktogramm_HLT.png'}];2026-04-30T17:57:10+02:00
f82c27de-5d36-47bf-857a-b6258f3c4ec0;Anlegestelle Hafen Unterterzen;Schiff Ahoi, ab Unterterzen durch den Schweizer "Fjord".;<p>Erforschen Sie die tiefblaue Mitte der Region und geniessen Sie die atemberaubende Bergkulisse auf dem Walensee. Lassen Sie sich von den majest&auml;tischen Churfirsten, der wild romantischen Natur, dem glasklaren Wasser und den fantastischen Stimmungen am Walensee verzaubern. Der Walensee, das Paradies f&uuml;r nah und fern. Die Schiffsbetrieb Walensee AG verbindet Orte, Angebote und Aktivit&auml;ten in idealer Weise. Die Verbindung nach Quinten ist auch im Winter durchgehend in Betrieb.</p><h3>Zugangsinformationen</h3><div class="rte"><ul><li>Stufenloser Zugang</li><li>Ein- und Ausstieg durch Personalhilfestellung</li><li>Gruppen ab 10 Personen und Rollst&uuml;hle m&uuml;ssen im Voraus angemeldet werden.</li><li>Kein taktiles Leitsystem vorhanden</li></ul></div>;9.25329923629761;47.11489755734365;8882;Unterterzen;+41 81 720 34 34;info@walenseeschiff.ch;https://walenseeschiff.ch/de/fahrplan/anlegestellen/unterterzen.html;[{'@type': 'ImageObject', 'contentUrl': 'https://hltpimtsoch.sos-ch-dk-2.exoscale-cdn.com/catalog/8/8/3/1/88314032614d016afc2e9c46a2b7387142376191_Anlegestelle_Hafen_Piktogramm_HLT.png'}];2026-04-21T12:59:04+02:00
