id;name;disambiguatingDescription;description;longitude;latitude;streetAddress;postalCode;addressLocality;telephone;email;url;image;dateModified24949152-444a-4556-bdce-e1188ec98f8a;Weintouren in der Bündner Herrschaft;Wine Tours Switzerland bietet geführte Weintouren in der Bündner Herrschaft, Heidiland und dem Rheintal an. Die Touren werden von lokalen, mehrsprachigen Reiseleitenden begleitet und bieten ein sicheres Erlebnis mit komfortablen Fahrzeugen.;Private Weintouren in der Bündner Herrschaft: Mit lokalem Guide durch Reben und Keller, Degustation erstklassiger Pinot Noirs – individuell geplant. Wir organisieren dein Erlebnis im Heidiland und in der Bündner Herrschaft – ob als Wanderung, genussvolle E-Bike-Tour oder bequem im Minibus. Abholung in der Region, mehrsprachig (DE/EN/F/I/ES) und ideal für Paare, Freunde und Teams. Jetzt anfragen und Terroir sowie Schweizer Wein am Ursprung erleben.;9.5386444;47.0046337;Im Zogg 7;7304;Maienfeld;+41 78 735 00 42;info@wine-tours.ch;http://www.wine-tours.ch;[{'@type': 'ImageObject', 'contentUrl': 'https://hltpimtsoch.sos-ch-dk-2.exoscale-cdn.com/catalog/5/1/4/2/5142d96f405c663a9d7280d71f55bb07273245a0_054A0732.jpg'}];2026-07-21T11:28:27+02:00
344dca39-2ea6-4f08-9399-0f364de1b67c;Naturfieber, Team - Event, Natur - Event, Axtwerfen, Armbrust, Turniere;Naturfieber in Bad Ragaz bietet Teamevents und Naturerlebnisse. Aktivitäten wie Axtwerfen, Sagenwanderungen und Survival-Kurse machen jeden Anlass zu einem besonderen Erlebnis. Individuelle Touren bieten Einblicke in die Geschichte und Geheimnisse der Schweiz.;Teamevent, Naturerlebnis, Tourguide mit dem Outdoor und Reiseveranstalter Naturfieber in Bad Ragaz, Heidiland.
Team - Event, Polterabend, Firmenausflug, Geburtstag oder Vereinsausflug. Unsere Turniere mit Axtwerfen, Mausfallenlotto, Armbrust, Wettmelken und vielen weiteren spannenden und lustigen Spielen machen Euer Teamanlass zum besonderen Erlebnis. 
Das Naturprogramm von Naturfieber mit Draussen schlafen, Sagenwanderung, Magic Places of Bad Ragaz, Survival for Beginner, Sternenabend die einmalige Gelegenheit der Natur sehr nahe zu sein. Natur macht glücklich.
Bei Local Guide planen wir individuell und auf Euch zugeschnitten. Geschichte der Schweiz, Römer im Rheinthal, Die wildesten Bergbahnen, Geheime Plätze und neu unsere Expat -Tour Switzerland mit viel Hintergrundinformationen über die Geschichte, Bräuche und Gepflogenheiten der Schweiz. Wir freuen uns auf Euch. Naturfieber Bad Ragaz, Schweiz;9.48300361633301;46.99670250325893;Grillstelle Rafigen Bad Ragaz / Valens;7310;Bad Ragaz;+41 79 242 17 16;naturfieber@gmx.ch;https://www.naturfieber.ch/;[{'@type': 'ImageObject', 'contentUrl': 'https://hltpimtsoch.sos-ch-dk-2.exoscale-cdn.com/catalog/a/3/e/e/a3ee74af21428e7ec88886f7eae2d7ed65587089_10.jpg'}];2026-05-04T12:00:44+02:00
37a72b67-dee9-496a-bf1f-9be82bd947b9;Bad Ragaz Tours;Bad Ragaz Tours bietet spannende Dorf- und Kunstführungen an. Entdecke die Geschichte von Bad Ragaz, die Entstehung der heissen Quelle und die Skulpturenausstellung. Ein Erlebnis für Kulturbegeisterte in den Jahreszeiten Frühling, Sommer und Herbst.;Auch zwischen den Jahren der Bad RagARTz bleibt es für Kulturbegeisterte in Bad Ragaz interessant.
Quellenhof, altes Dorfbad, Taminaschlucht - Ist eine Zeitreise durch die Entstehungsgeschichte von Bad Ragaz das Richtige für Sie?
Möchten Sie erfahren, wie die Entdeckung der heissen Quelle das Dorf Ragaz geprägt hat?
Oder möchten Sie während den Ausstellungsjahren einen Spaziergang durch die Skulpturenausstellung? Lassen Sie sich von unseren spannenden Dorf- und Kunsttouren begeistern.;9.5006681;47.002411;Grossfeldstr. 5;7310;Bad Ragaz;079 779 18 27;info@badragaztours.ch;https://badragaztours.ch/;[{'@type': 'ImageObject', 'contentUrl': 'https://hltpimtsoch.sos-ch-dk-2.exoscale-cdn.com/catalog/d/e/2/a/de2a2ca66a8ea5d8b4c2c34634d40af8ee243260_Kunstgang_Frontbild_Guardians.jpg'}];2026-05-04T12:00:43+02:00
7e1b3159-609e-4ef4-90fa-508b232347d0;Berg-Gipfel Patrick Keller Bergführer;Berg-Gipfel in Zizers bietet geführte Touren mit einem diplomierten Schweizer Bergführer. Ob abwechslungsreiche Wanderungen oder 4000er-Gipfel, im Sommer und Winter werden vielfältige Erlebnisse für Paare, Familien, Gruppen und Singles geboten.;Als Professioneller diplomierter Schweizer Bergführer, begleite ich sie auf deine Wunschtour. Sei es auf eine Abwechslungsreiche Wanderung oder auf einen 4000er im Sommer wie auch im Winter.;9.560852;46.9337738;Rosgartenstrasse 18 A;7205;Zizers;0788214688;patrick.keller@berg-gipfel.ch;https://berg-gipfel.ch/;[{'@type': 'ImageObject', 'contentUrl': 'https://hltpimtsoch.sos-ch-dk-2.exoscale-cdn.com/catalog/2/4/5/f/245f3e6b6755b3ef4a04c1f6175b37f4949857e7_20190827_075527.jpg'}];2026-05-04T12:00:42+02:00
