id;name;disambiguatingDescription;description;longitude;latitude;streetAddress;postalCode;addressLocality;telephone;email;url;image;dateModified00a834b5-9fdb-499f-aaa9-c8805924d198;E-Bike-Vermietung am Walensee;Die E-Bike-Vermietung am Walensee bietet hochwertige E-Bikes zur Miete an. Interessierte können diese halbtags oder ganztags ausleihen. Eine Vorreservation wird empfohlen, spontane Anfragen sind jedoch möglich. Für Gruppen ab 2 Personen ist eine schriftliche Voranmeldung notwendig;Wahlweise als Package buchbar inklusive Picknickrucksack und/oder Übernachtung.

Preise

Halbtagesmiete
4h (zwischen 08.00 und 13.00 oder zwischen 13.00 und 18.00 Uhr) CHF 50.00

Tagesmiete
8h (zwischen 08.00 und 18.00 Uhr) CHF 60.00

Für jede zusätzliche Stunde verrechnen wir CHF 10.00.;9.217261;47.1124535;Alte Spinnerei 12;8877;Murg;+41 81 720 35 75;info@lofthotel.ch;https://www.lofthotel.ch/;[{'@type': 'ImageObject', 'contentUrl': 'https://hltpimtsoch.sos-ch-dk-2.exoscale-cdn.com/catalog/d/2/5/0/d250c8bca75614a10635440c505dd2cc504ada85_lofthotel_ebike_1.jpg'}];2026-08-31T11:21:00+02:00
0ae93548-e08a-4dbe-bdef-2e097a89d67a;Golf Club Bad Ragaz;Der Golf Club Bad Ragaz bietet ein einzigartiges Golferlebnis inmitten eines beeindruckenden Bergpanoramas. Der 18-Loch Championship Course ist Mitglied der Leading Golf Courses und wurde mit 5* Superior ausgezeichnet.;Mit viel Liebe zum Detail und Sorgfalt für perfekte Greens, bietet der Golf Club Bad Ragaz ein besonderes Golferlebnis. Eingebettet in ein unvergleichliches Bergpanorama und eine herrliche Parkanlage streben wir als Mitglied von Leading Golf nach Perfektion, damit sich anspruchsvolle Gäste bei uns rundum wohl fühlen.

Der 18-Loch Championship Course ist seit 2007 Mitglied der Qualitäts- und Wertegemeinschaft der «Leading Golf Courses» und seit diesem Jahr zusätzlich von «World of Leading Golf». Diese Mitgliedschaft bestätigt Golfkultur und Philosophie des Hauses, die am Streben nach Perfektion ausgerichtet sind. Als einzige Golfanlage der Schweiz wurde sie zudem durch den Bundesverband der Golfanlagen mit dem Prädikat 5* Superior ausgezeichnet und zählt zu den Topplätzen der Schweiz.;9.5048934;46.9989934;Hans-Albrecht Strasse 1;7310;Bad Ragaz;+41 81 303 37 17;golfclub@resortragaz.ch;http://www.golfclubragaz.ch;[{'@type': 'ImageObject', 'contentUrl': 'https://hltpimtsoch.sos-ch-dk-2.exoscale-cdn.com/catalog/c/e/7/9/ce793fcd4996cd59d51c52eea32fbff7e80b385d_Golf_Club_Bad_Ragaz_Luftaufnahme.jpg'}];2026-06-22T10:33:35+02:00
12fdd8f7-c05c-4251-afa0-392572e721dc;Denner Filiale Walenstadt;Der Denner in Walenstadt ist ein Supermarkt für den täglichen Bedarf mit einem preisbewussten Sortiment an Lebensmitteln, Getränken und Haushaltsartikeln.;<div><p>Der Denner in Walenstadt bietet eine praktische Einkaufsm&ouml;glichkeit f&uuml;r den t&auml;glichen Bedarf. Das Sortiment umfasst eine breite Auswahl an Lebensmitteln, Getr&auml;nken sowie Artikeln f&uuml;r Haushalt und Alltag zu attraktiven Preisen.</p><p>Er ist f&uuml;r Einheimische und G&auml;ste gut erreichbar und eignet sich ideal f&uuml;r den schnellen Einkauf zwischendurch oder zur Selbstversorgung w&auml;hrend des Aufenthalts in der Region. Der Denner steht f&uuml;r klare Sortimente, einfache Orientierung im Laden und ein gutes Preis‑Leistungs‑Verh&auml;ltnis.</p></div>;9.3161866;47.1198584;Sarganserstrasse 15;8880;Walenstadt;https://www.denner.ch/de/filialen/8880-walenstadt~s1145969;[{'@type': 'ImageObject', 'contentUrl': 'https://hltpimtsoch.sos-ch-dk-2.exoscale-cdn.com/catalog/c/f/e/3/cfe330ce9a79ab8c63cc8fffb0505ef386bdc3bb_Einkaufen_Piktogramm_HLT.png'}];2026-04-26T05:01:26+02:00
144dda5b-668c-4ffc-b413-1346ea288f50;Intersport Wildhaber - Sport & Glockenhandel;Intersport Wildhaber in Flums bietet eine breite Auswahl an Sportausrüstung und handgefertigten Glockenriemen. Das Geschäft kombiniert Tradition mit moderner Ausstattung und bietet sowohl Sommer- als auch Winterartikel an.;Wir sind ein modernes, kundenfreundliches Sport-Fachgeschäft mit Glockenhandel und Sattlerei mitten im Dorf Flums. Wir bauen seit über 30 Jahren auf Tradition und Erfahrung. Unsere Kompetenz und Ihre Zufriedenheit sind uns wichtig!

Winter
- Vermietung Ski/Snowboards/Schuhe/Schneeschuhe/Tourenski - Tages-, Wochen- und Saisonmiete   
- Service Ski und Snowboards in hauseigener Werkstatt
- Verkauf Ski/Snowboards/Schuhe/Tourenausrüstung, Schneeschuhe, Winterschuhe und Schlitten/Bob
- Skijacke- und Hosen sowie Winterjacken für Erwachsene und Kinder
- Tourenbekleidung für Erwachsene 
- Helm, Skibrillen, Sonnenbrillen, Rückenprotektoren, Stirnlampen, Handschuhe, Heizsocken, Thermounterwäsche etc.


Sommer
- Trekking/Wanderschuhe, Wanderstöcke, Velohelme, Rucksäcke, Sonnenbrillen und noch vieles mehr
- Funktionelle Bekleidung für Sport und Wandern
- Bekleidung für Fitness, Yoga und Freizeit
- Bademode inkl. FlipFlops, Adiletten etc.

Geheimtipp:
Zur Spezialabteilung des Geschäftes gehören die handgefertigten Glockenriemen. In der Werkstatt werden diese ganz nach den Wünschen des Kunden gefertigt; mit den Ideen und der Erfahrung von begeisterten Fachleuten!  Auch Sennenkittel und "Chüeligürtel" sind bei uns erhältlich.;9.3433874;47.0914198;Kirchstrasse 9;8890;Flums;+41 81 733 23 24;wildhaber@wildhaber-sport.ch;http://www.wildhaber-sport.ch;[{'@type': 'ImageObject', 'contentUrl': 'https://hltpimtsoch.sos-ch-dk-2.exoscale-cdn.com/catalog/b/9/5/9/b95959cfafd25a71eb19e386e8e623ba164a25e2_Wildahber_Sport_Laden_Winter_202526_1__2.jpg'}];2026-05-29T04:14:21+02:00
17812a2f-f70e-4a04-a1a3-ac64f22e8cc9;Metzgerei Kellenberger;Die Metzgerei Kellenberger in Bad Ragaz bietet seit 1885 regionale Qualitätsprodukte. Von Aufschnitt bis zu zarten Filets finden Interessierte alles in der Theke, inklusive ungewöhnlicher Leckerbissen. Genuss-Tipps und Platten für gesellige Runden sind ebenfalls erhältlich.;In der vierten Generation seit 1885 bedienen wir Sie persönlich und sind stolz auf unsere regionalen Qualitätsprodukte.

Von Hand zerteilt, mit Herzblut gefertigt: Von Aufschnitt bis zarten Filets finden Sie in unserer Theke alles, auch ungewöhnliche Leckerbissen. Gerne geben wir Genuss-Tipps oder stellen Platten für Ihre gemütliche Runde zusammen.;9.5017611;47.0032913;Freihofweg 1;7310;Bad Ragaz;+41 81 302 13 22;info@metzgerei-kellenberger.ch;https://www.metzgerei-kellenberger.ch/;[{'@type': 'ImageObject', 'contentUrl': 'https://hltpimtsoch.sos-ch-dk-2.exoscale-cdn.com/catalog/f/2/d/e/f2de177f382304afdc9e1517b99ccd478bf7c1cb_Bild1.jpg'}];2026-08-07T04:14:39+02:00
17f8b6b7-71bb-4e6f-9517-77758f24b90b;Strandkiosk am Bach;Der Strandkiosk am Bach in Walenstadt liegt direkt am Walensee nahe einem grossen Spielplatz und bietet Snacks, Getränke sowie SUP‑Board‑Verleih.;<div><p>Der <strong>Strandkiosk am Bach in Walenstadt</strong> befindet sich direkt am Ufer des Walensees, in unmittelbarer N&auml;he des grossen Kinderspielplatzes und unweit des Restaurant Seehofs. Als Teil der Badestellen am Walensee bietet der Kiosk eine Auswahl an Snacks und Getr&auml;nken und sorgt damit f&uuml;r eine erfrischende Pause am Wasser.</p><p>Die Umgebung ist gepr&auml;gt von einer <strong>grossz&uuml;gigen Liegewiese mit schattenspendenden B&auml;umen</strong>, Grillstellen sowie einem Sandkasten und <strong>WC‑Anlagen</strong>. Zudem besteht die M&ouml;glichkeit, <strong>SUP‑Boards zu mieten</strong>, was den Standort besonders attraktiv f&uuml;r aktive G&auml;ste macht.</p><p>Der Strandkiosk ist &uuml;ber einen <strong>Spazierweg entlang des Seeufers</strong> gut erreichbar und liegt nahe der Schiffsanlegestelle, was ihn zu einem beliebten Treffpunkt f&uuml;r Familien, Badeg&auml;ste und Spazierg&auml;nger macht. Der Strandkiosk am Bach verbindet Erholung, Genuss und Freizeitaktivit&auml;ten in unmittelbarer Seen&auml;he.</p></div>;9.302169084548952;47.12812940392019;Seemühlestrasse;8880;Walenstadt;+41 81 720 18 18;flumserberg@heidiland.com;https://www.heidiland.com;[{'@type': 'ImageObject', 'contentUrl': 'https://hltpimtsoch.sos-ch-dk-2.exoscale-cdn.com/catalog/6/4/4/6/6446ee41fe3d44e166c0fbc937676d56efe7e924_Kiosk_Piktogramm_HLT.png'}];2026-04-26T05:01:53+02:00
1d9ef9f4-8cda-4daa-bd40-e2fd25a2a80f;Hertihof Hofladen;Im Selbstbedienungs-Hofladen des Hertihofs in Untervaz finden Besuchende fünf Tage die Woche ein saisonales Angebot an Gebäck, Fleisch, Honig und mehr. Die Besenbeiz lädt zu Kaffee und Kuchen ein.;Im Selbstbedienungs-Hofladen finden Kunden 5 Tage die Woche ein ausgesuchtes, saisonales Angebot vom Hof. Gebäck wie Nuss- und Linzertorten, Frischfleisch (gefroren) und Trockenfleisch, Bienenhonig, Hof-Glace, Alpkäse u.v.m. – Wer Zeit hat, verweilt in der angegliederten Besenbeiz bei einem feinen, in Untervaz gerösteten Kaffee und einem Stück Küchen aus der Hofbäckerei.;9.548063278198242;46.92509881409418;Baltschinweg 1;7204;Untervaz;+41 76 366 01 32;info@hertihof.ch;https://www.hertihof.ch;[{'@type': 'ImageObject', 'contentUrl': 'https://hltpimtsoch.sos-ch-dk-2.exoscale-cdn.com/catalog/8/8/c/8/88c8ea43a1e04325a5affb6b819ebfc71f186906_hertihof_besenbeiz4_by_prezis__2.jpg'}];2026-08-07T13:05:11+02:00
26046b9f-ca9b-41ef-ba1a-dfa9e45fd540;INTERSPORT Network Flumserberg Filiale Tannenheim;Die INTERSPORT Network Flumserberg Filiale Tannenheim bietet eine breite Auswahl an Mietmaterialien wie Ski, Snowboards und Schlitten. Eine zentrale Werkstatt für Ski- und Snowboard-Service befindet sich im zweiten Obergeschoss.;Die INTERSPORT Network Flumserberg Filiale Tannenheim ist während dem Sommer als BikerShop Flumserberg geöffnet. 

Die INTERSPORT Network Flumserberg Filiale Tannenheim präsentiert Ihnen eine grosse Auswahl an Mietmaterial von Ski und Snowboards bis zu Schlitten. Des Weiteren befindet sich die zentrale Werkstatt für Ski- & Snowboard-Service im 2. Obergeschoss der Filiale.
Mit Rat und Tat stehen wir dir bei der Wahl der Ausrüstung für dein Abenteuer zur Seite und statten dich mit allem aus, was Sport, Bewegung und Spass auf Schnee zu einem noch intensiveren Erlebnis macht.;9.302447680513392;47.08949005;Flumserbergstrasse 134;8897;Flumserberg;+41 81 720 16 02;tannenheim@intersport-network.ch;https://www.intersport-network.ch/filialen/tannenheim/;[{'@type': 'ImageObject', 'contentUrl': 'https://hltpimtsoch.sos-ch-dk-2.exoscale-cdn.com/catalog/1/3/f/2/13f23cacada27c97eb6eecbfa70df55a393350a9_tkv_bbf_winter26_0072__O5A2978.jpg'}];2026-06-10T11:22:44+02:00
2f583a77-65cb-4ced-b468-24d26a60796d;SPAR Supermarkt Murg;Der SPAR in Murg ist ein Supermarkt mit einem vielseitigen Sortiment an Lebensmitteln, Frischeprodukten und Artikeln für den täglichen Bedarf.;<div><p>Der SPAR Supermarkt in Murg bietet eine praktische Einkaufsm&ouml;glichkeit f&uuml;r den t&auml;glichen Bedarf. Das Sortiment umfasst frische Lebensmittel, Backwaren, Getr&auml;nke sowie Produkte f&uuml;r Haushalt und Alltag und richtet sich sowohl an Einheimische als auch an G&auml;ste.</p><p>Dank der gut erreichbaren Lage eignet sich der SPAR ideal f&uuml;r den schnellen Einkauf zwischendurch oder f&uuml;r die Selbstversorgung w&auml;hrend eines Aufenthalts in der Region. SPAR steht f&uuml;r N&auml;he, &Uuml;bersichtlichkeit und ein ausgewogenes Angebot mit Fokus auf Qualit&auml;t und Regionalit&auml;t.</p></div>;9.2141071;47.1127297;Alte Staatstrasse 22;8877;Murg;+41 81 720 31 33;murg@spar.ch;https://www.spar.ch/standorte/detail/oess-otto?;[{'@type': 'ImageObject', 'contentUrl': 'https://hltpimtsoch.sos-ch-dk-2.exoscale-cdn.com/catalog/f/c/f/9/fcf93496e60697531fb55f2720514e7f8c5f3c61_Einkaufen_Piktogramm_HLT.png'}];2026-04-26T05:01:12+02:00
328e9e38-b6dd-4096-9ffa-a86b3d1591e7;Lucky Star Bikes GmbH;Lucky Star Bikes GmbH in Sargans bietet die Möglichkeit, E-Mountainbikes und E-Trekkingvelos für Tages- oder Mehrtagesmieten zu leihen. Die Verleihstation ist sowohl für Indoor- als auch Outdoor-Aktivitäten geeignet.;Tages- oder Mehrtagesmiete von E-Mountainbike oder E-Trekkingvelo möglich.;9.440764188766481;47.05081940777587;St. Gallerstrasse 112;7320;Sargans;+41 81 710 43 85;team@luckystarbikes.ch;https://www.luckystarbikes.ch/;[{'@type': 'ImageObject', 'contentUrl': 'https://hltpimtsoch.sos-ch-dk-2.exoscale-cdn.com/catalog/a/a/f/d/aafd6d25c1670f22c3411b9b523dab9680b935a3_DSC_0241.jpg'}];2026-05-18T08:35:06+02:00
34faf7fc-f991-4428-905e-684149ed7814;Casino Bad Ragaz;Das Casino Bad Ragaz bietet über 120 Slot-Automaten und sechs Spieltische. Die Golden Wave Bar lockt mit über 100 Gin-Sorten. Es ist Teil des Grand Resort Bad Ragaz und an 364 Tagen im Jahr geöffnet.;Das Casino Bad Ragaz ist eingebettet in das vielfältige Angebot des Grand Resort Bad Ragaz und hat an 365 Tagen im Jahr für Sie geöffnet. Über 120 Slot Automaten und 6 Spieltische versprechen Nervenkitzel pur. An unserer Golden Wave Bar finden Sie ausserdem das grösste Gin-Angebot der Region mit über 70 Sorten Gin aus Nah und Fern.;9.503628388527744;46.9984946;Hans Albrecht-Strasse 5;7310;Bad Ragaz;+41 81 303 39 39;casino@casinoragaz.ch;https://www.casinoragaz.ch/;[{'@type': 'ImageObject', 'contentUrl': 'https://hltpimtsoch.sos-ch-dk-2.exoscale-cdn.com/catalog/5/d/9/0/5d901a6d54eff499a9b9fb9b74661cca8516bebb_2025_01_casino_ragaz_interieur_0039_srgb_web.jpg'}];2026-08-06T09:55:19+02:00
3dc6b5d7-e7e3-4e6c-a928-60ab75583220;Rent a Bike AG;Miete ein E-Bike am Bahnhof Sargans für eine abenteuerliche Radtour durch die Ferienregion Heidiland. Entdecke die vielseitige Landschaft zu jeder Jahreszeit und erlebe Bewegung und Natur hautnah.;Miete jetzt dein E-Bike für eine abenteuerliche Radtour durch die Ferienregion Heidiland.;9.4453692;47.0453859;SBB Bahnhofplatz;7320;Sargans;info@rentabike.ch;https://www.rentabike.ch/home;[{'@type': 'ImageObject', 'contentUrl': 'https://hltpimtsoch.sos-ch-dk-2.exoscale-cdn.com/catalog/2/1/3/5/21350e33b28c60bfc2fb26e768a21cacdc9b7526_eine_vielseitige_landschaft_rund_um_den.jpg'}];2026-05-15T18:33:59+02:00
3fe2012c-a346-4a1a-9b0a-362b22bd0cb2;Thermalbad Valens;Das Thermalbad Valens nutzt natürliches Thermalwasser aus der Taminaschlucht, das bei 36,5 °C über eine Pipeline ins Becken gelangt. Entspannung bieten Sprudelliegen, Massagedüsen und Nackendüsen. Kinder sind willkommen.;Das natürliche Thermalwasser aus der bekannten Quelle in der Taminaschlucht gibt dem Körper Auftrieb. Es tritt mit 36,5˚ Grad aus den Tiefen der Erde ans Licht und gelangt über eine Pipeline nach Valens, wo es ins Thermalbadbecken eingespeist wird. Entspannen Sie im Thermalwasser – auf Sprudelliegen, einer Sitzbank, an Massagedüsen und Nackendüsen. Kinder jeden Alters sind herzlich willkommen.;9.48225259780884;46.969271779259;Taminaplatz 1;7317;Valens;+41 58 511 11 11;info@kliniken-valens.ch;https://www.thermalbad-valens.ch/;[{'@type': 'ImageObject', 'contentUrl': 'https://hltpimtsoch.sos-ch-dk-2.exoscale-cdn.com/catalog/5/e/0/3/5e03ddf671d466d6b4fa048ca7438c6ee84de3e8_DSC07055_Kopie.jpg'}];2026-08-10T14:56:34+02:00
4455c475-d9de-4c39-8ab2-2d01720cb5c0;Kiosk Chapfensee;Gemütlicher Kiosk am Chapfensee mit Snacks, Getränken und Verkauf von Fischerpatenten. Beliebter Halt für Wandernde, Biker und Familien.;<div>Der Kiosk Chapfensee l&auml;dt Wandernde, Biker, Fischer und Familien zu einer gem&uuml;tlichen Pause ein. Direkt am See gelegen, bietet er Getr&auml;nke, Snacks und kleine Verpflegungen. Zudem k&ouml;nnen hier Fischerpatente bezogen werden.</div>;9.3774965;47.0489958;Chapfenseestrasse 20;8886;Mädris-Vermol;+41 77 403 30 09;[{'@type': 'ImageObject', 'contentUrl': 'https://hltpimtsoch.sos-ch-dk-2.exoscale-cdn.com/catalog/a/b/1/f/ab1f9ab149efd5781949f35eedc145f291cda7d2_Kiosk_am_Chapfensee2.jpg'}];2026-09-02T15:27:52+02:00
4583ebef-8192-4636-ae91-774cbbf432ab;Bio Pasta Bonetti ;Bio Pasta Bonetti in Bad Ragaz bietet handgefertigte Bio-Teigwaren und Kochkurse an. Die Produkte entsprechen strengen Qualitätskriterien und die Kurse lehren die traditionelle Herstellung von Pasta.;Unsere Teigwaren werden überwiegend von Hand verarbeitet, um alles Wertvolle, welches die Zutaten in sich tragen, zu erhalten. So entstehen kleine Kostbarkeiten die zu 100% unseren strengen Qualitätskriterien entsprechen.
Neben dem Kauf von Bio-Produkten bieten wir ebenfalls verschiedene Kochkurse an, bei welchen man die "Pasta tradizionale fatta a mano" erlernen kann.;9.506086707115175;47.011275126535345;Elestastrasse 8;7310;Bad Ragaz;+41 81 302 76 01;info@biopastabonetti.ch;https://www.biopastabonetti.ch/de/;[{'@type': 'ImageObject', 'contentUrl': 'https://hltpimtsoch.sos-ch-dk-2.exoscale-cdn.com/catalog/3/4/4/7/3447fa8a18753a911b6e43be27fa7b247967c0eb_5.JPG'}];2026-08-07T12:54:18+02:00
46a9151a-e2ad-4306-a170-df585a18fc07;Hallenbad & Sauna Flumserberg;Ganzjähriger Badespass im 25 m-Sportbecken, separatem Kinderbecken mit Rutschbahn, Tarzan-Klettergerüst, finnischer Sauna und Dampfbad – ideal für Familien, Paare, Gruppen und Trainingslager.;<div>Das Hallenbad &amp; Sauna Flumserberg verbindet sportliche Aktivit&auml;t mit entspannender Erholung. Im 25 m-Sportbecken (4 Bahnen, Wassertiefe 1,30&ndash;2,30 m, ca. 28,5 &deg;C) erwarten dich Schwimmm&ouml;glichkeiten f&uuml;r SportlerInnen.</div><div>&nbsp;</div><div>Das separate Kinderbecken (10 &times; 6 m, 0,80&ndash;1,30 m, ca. 29 &deg;C) mit Rutschbahn und Tarzan-Kletterger&uuml;st bietet Spiel und Abenteuer f&uuml;r die Kleinen. Abgerundet wird das Angebot durch Tischfussball und einen gem&uuml;tlichen Snackbereich mit Liegest&uuml;hlen.&nbsp;</div><div>&nbsp;</div><div>In der warmen Jahreszeit l&auml;dt die Liegewiese mit Panoramaausblick zur Entspannung im Freien ein. Danach entspannst du dich in der gemischten finnischen Sauna (ca. 80 &deg;C) oder im Dampfbad (ca. 41 &deg;C) mit Duschen und Kaltwasserbecken.</div><div>&nbsp;</div><div>Jahreskarten gelten nur f&uuml;rs Bad &ndash; der Saunabesuch wird separat verrechnet.</div>;9.29644342968039;47.08968865;Flumserbergstrasse 167;8897;Flumserberg Tannenheim;+41 81 733 29 69;badbetrieb@hallenbad-flumserberg.ch;https://hallenbad-flumserberg.ch;[{'@type': 'ImageObject', 'contentUrl': 'https://hltpimtsoch.sos-ch-dk-2.exoscale-cdn.com/catalog/4/c/8/a/4c8af4e1d092ac01b61c8ce355b2572cfe7030c5_2016_12_24.jpg'}];2026-05-29T04:14:16+02:00
470491d1-7e6a-43e3-9bad-4ac098a27704;Tamina Health Center;Individuelle Medizin für Ihre Gesundheit: Unser interdisziplinäres Team begleitet Sie kompetent – von Diagnostik bis TCM und Gesundheitsvorsorge.;Im Tamina Health Center des Grand Resort Bad Ragaz erwartet Sie ein umfassendes Angebot an medizinischen, therapeutischen und präventiven Leistungen – von Physiotherapie, Ernährungsberatung und Personal Training bis hin zu Kuraufenthalten, moderner Diagnostik und Longevity. Unser interdisziplinäres Expertenteam begleitet Sie persönlich und auf höchstem Niveau – für mehr Gesundheit, neue Energie und spürbare Lebensqualität.;9.5031579;46.9994873;Hans Albrecht-Strasse 6;7310;Bad Ragaz;+41 81 303 38 38;medizin@resortragaz.ch;https://www.resortragaz.ch/de/tamina-health;[{'@type': 'ImageObject', 'contentUrl': 'https://hltpimtsoch.sos-ch-dk-2.exoscale-cdn.com/catalog/d/7/9/b/d79be05281e054b98417c3ba5b008839f170a121_Health_Check_Up_Program_Tamina_Health_Center_Grand_Resort_Bad_Ragaz__3.jpg'}];2026-08-08T04:15:44+02:00
4a5e8ad9-280b-4e51-a6aa-f609148c8e3f;Einkaufszentrum Pizolpark;Der Pizolpark Mels bietet unbeschwertes Einkaufen in zahlreichen Geschäften direkt an der Autobahnausfahrt Mels-Sargans. Ein Kinderparadies sorgt für die Betreuung der Kleinen.;Einkaufserlebnis für die ganze Familie: zahlreiche Geschäfte, Kinderbetreuung und mehr. Praktisch für alles!;9.431283311961572;47.04203835;Grossfeldstrasse 56;8887;Mels/Sargans;+41 58 712 90 00;info@pizolpark.ch;https://www.pizolpark.ch/;[{'@type': 'ImageObject', 'contentUrl': 'https://hltpimtsoch.sos-ch-dk-2.exoscale-cdn.com/catalog/2/6/c/d/26cde747b7acb2e3346d76fcdcff54100c49d748_GMOS_Mels_Pizolpark_010.jpg'}];2026-08-07T12:52:03+02:00
4ad82b3e-5a69-4efb-86bd-029ffc28a92b;BikerShop Flumserberg;Der BikerShop Flumserberg bietet eine moderne Verleihstation direkt an der Talstation im Tannenheim. Hier können Interessierte Enduro-, Downhill- und Kinderbikes der Marken BiXS und NS Bikes mieten und Reparaturen durchführen lassen.;Ihr Sportfachgeschäft direkt am BikerBerg Flumserberg
Direkt an der Talstation im Tannenheim am Flumserberg erwartet Sie neben einem breiten Verkaufssortiment, die topmoderne Verleihstation. Der BikerShop Flumserberg vermietet die Bikemodelle aus den Bereichen Enduro, Downhill und Kids und führt zudem Reparaturarbeiten durch. Ebenfalls rüstet er Sie mit den gewünschten iXS Protektoren und weiterer notwendiger Ausrüstung aus, damit einer rasanten Abfahrt auf den BikerTrails nichts mehr im Wege steht.;9.302447680513392;47.08949005;Tannenheim;8897;Flumserberg;+41 81 720 16 02;info@bikershop-flumserberg.ch;http://www.bikershop-flumserberg.ch;[{'@type': 'ImageObject', 'contentUrl': 'https://hltpimtsoch.sos-ch-dk-2.exoscale-cdn.com/catalog/f/6/d/e/f6dead071bdc27cae8c12ab5bd34f45b067abe3d_tkv_bbf_isn_ut_0112__O5A6715.jpg'}];2026-06-10T09:46:31+02:00
4c05ffaf-e859-4ed1-a367-3a48ba031ecc;Verrucano;Das Kultur- und Kongresshaus Verrucano in Mels bietet einen stilvollen Rahmen für Veranstaltungen, Meetings und Seminare. Es ist auch ein Ort für öffentliche Events und bietet ein hochwertiges Cateringangebot.;Das Kultur- und Kongresshaus Verrucano Mels bietet den stilvollen Rahmen und umfassende moderne Serviceleistungen für die professionelle Durchführung einer Veranstaltung, fokussierter Meetings und produktiver Seminare. Das Verrucano Kultur- und Kongresshaus ist nicht nur Durchführungsort Ihres Banketts oder Seminars, sondern bei uns finden auch regelmässig öffentliche Events statt. Verrucano steht auch für ein qualitativ hochstehendes gastronomisches Angebot. In diesem Bereich verlassen wir uns auf externe Profis. Dadurch kommen Sie in den Genuss eines hochstehende und flexiblen Cateringangebots, stets frisch und überzeugend.;9.4201443;47.0465914;Platz 4;8887;Mels;+41 58 228 31 20;welcome@verrucano.ch;https://www.verrucano.ch/;[{'@type': 'ImageObject', 'contentUrl': 'https://hltpimtsoch.sos-ch-dk-2.exoscale-cdn.com/catalog/4/f/6/3/4f63f05c1da43fe6c4dc7d79228a93effe2956cd_200722_RAU2001_0492_Var2_rf.jpg'}];2026-03-21T07:37:25+01:00
4df62995-40ba-419e-bb9c-0fdc93afe8a3;Sauna am Walensee;Die Sauna am Walensee bietet von Oktober bis April ein klimaneutrales Saunaerlebnis mit spektakulärem Seeblick. Geeignet für bis zu sechs Personen, lädt sie zur Entspannung in einer einzigartigen Umgebung ein.;Von Oktober bis April ladet die Sauna am See im sagiareal zur Erholung in bester Kulisse ein. 

Die kleine aber feine Outdoor-Sauna mit spektakulärem Seeblick eignet sich für eine, zwei (liegend) oder max. sechs Personen (sitzend). Das zweistündige Saunaerlebnis ist klimaneutral, denn es wird mit Murger Holz aus dem hauseigenen Wald befeuert.

Zwischen den Saunagängen kann man sich im See oder auf der privaten Terrasse abkühlen.
Ein Ruhezelt steht nebenan bereit.

Legen Sie die Holzscheiten ein und geniessen Sie diese einzigartige Wellness-Attraktion am Walensee.;9.219401478767397;47.113203668939285;Alte Staatsstrasse 6;8877;Murg;+41 81 720 35 75;info@lofthotel.ch;https://lofthotel.ch/wellness/;[{'@type': 'ImageObject', 'contentUrl': 'https://hltpimtsoch.sos-ch-dk-2.exoscale-cdn.com/catalog/7/b/c/4/7bc4ab57d27ebf43c38ca04ee95e7e7745baa7cd_2022_Lofthotel_Outdoor_Sauna.jpg'}];2026-08-31T11:22:55+02:00
4e1c97f9-16ef-4428-af9b-b4af2f85c143;INTERSPORT Network Flumserberg Filiale Tannenboden;Die INTERSPORT Network Filiale Tannenboden am Flumserberg bietet ein umfangreiches Verleihangebot für Wintersportausrüstung und ist ideal gelegen neben der Talstation der BergJet Gondelbahn.;Neben einer attraktiven Bekleidungsabteilung bietet die Filiale Tannenboden ein breites Verleihangebot an. Von aktueller Ski- und Snowboardausrüstung bis hin zu passendem Zubehör – hier finden Wintersportler:innen alles, was sie für einen perfekten Tag im Schnee benötigen. Mit dem Standort direkt bei der Talstation der 8er-Gondelbahn BergJet, ist die Filiale Tannenboden der ideale Ausgangspunkt für Ihre Wintersporterlebnisse am Flumserberg.

Unser Angebot im Winter
•	Verkauf: Ski, Textil, Accessoires & Zubehör
•	Verleih: Ski & Snowboard inkl. Schuhe, Langlaufausrüstung, Winterbekleidung, Schneeschuhe, Helme, LVS & Skidepot
•	Dienstleistungen: Ski- & Snowboard-Service (Annahmestelle), Wachsen, BFU-Bindungskontrolle, Kantentuning & Kleinreparaturen;9.2805527;47.0922871;Molseralpstrasse 9;8898;Flumserberg;+41 81 720 16 03;tannenboden@intersport-network.ch;https://www.intersport-network.ch/filialen/tannenboden/;[{'@type': 'ImageObject', 'contentUrl': 'https://hltpimtsoch.sos-ch-dk-2.exoscale-cdn.com/catalog/b/a/2/1/ba21ea55bf02999cbdd0082e9a9f1cb57643db5a_Tannenboden.jpg'}];2026-06-10T09:10:52+02:00
5c779a59-ab38-4a30-b901-b926aab511e1;Gonzen Sport & Mode;Gonzen Sport & Mode in Sargans bietet spezialisierte Outdoor-Ausrüstung und individuelle Beratung. Das Geschäft ist bekannt für Schuhfitting und massgefertigte Einlagesohlen. Im Sommer und Winter gibt es eine breite Auswahl an Sportartikeln und modischer Kleidung.;Herzlich willkommen bei Gonzen Sport & Mode im Tiefriet in Sargans.
Wir sind ein spezialisiertes Outdoor Sportfachgeschäft mit erfahrenen, kompetenten und enthusiastischen Mitarbeiter/innen. 

Wenn der Schuh drückt, ob Bergschuh, Ski- oder Tourenschuh sind Sie bei uns an der richtigen Adresse. Druckstellen an Ihren Füssen haben bei unserem erfahrenen Schuhfitting -Team keine Chance. Zusätzlich stellen wir Ihnen 100% fussangepasste Einlagesohlen her, welche Ihnen einen hohen Tragekomfort und mehr Leistung garantieren.
Unser fachkundiges Personal berät Sie gerne individuell und ohne Zeitdruck. Einen Gratisparkplatz ist Ihnen bei uns auch garantiert. 

Unsere Leidenschaften im Sommer:
Hochtouren-, Trekking-, Wander- und Klettersport, Running- und Bikesport sowie Campingartikel, sowie trendiges und modisches Textil. 

Unsere Leidenschaften im Winter: 
Skitouren- Alpin- Schneeschuhsport, Trailrunning. Hochfunktionelles und modisches Textil von Kopf bis Fuss für alle Schneesportarten.

Wir leben Outdoor und garantieren Ihnen, dass Sie bei uns all Ihr passendes Equipment finden.
Zusätzlich können Sie von unserem Service- und Dienstleistungsangebot profitieren.
Wir vermieten Ski- und Snowboardausrüstungen und geben Ihrem Ski und/oder Snowboard wieder den nötigen Kantenschliff für unvergessliche Schneetage.;9.4490804;47.0487657;Tiefriet, Langgrabenweg;7320;Sargans;+41 81 723 78 38;info@gonzensport.ch;http://www.gonzensport.ch;[{'@type': 'ImageObject', 'contentUrl': 'https://hltpimtsoch.sos-ch-dk-2.exoscale-cdn.com/catalog/a/c/7/2/ac72bb19f8407cd3b7fef2bcd83f7c463e07913f_20160220_123431.jpg'}];2026-05-14T08:43:45+02:00
5ca5d52f-ce15-4e7d-b050-20b1d00cff99;Saunafass;Entspannung pur im Saunafass des Hotel Schiffahrt Mols – mit Panoramablick auf die Berge, privater Nutzung & nordischem Flair.;<p data-start="762" data-end="1081">Unser Saunafass ist ein St&uuml;ck nordische Lebenskunst. Das massive Echtholzfass bietet einen gem&uuml;tlichen Kokon aus W&auml;rme und Wohlbefinden &ndash; mit traumhaftem Panoramablick auf die umliegende Bergwelt. Saunieren bedeutet pure Erholung: Man tut sich selbst etwas Gutes, f&ouml;rdert die Gesundheit und findet Abstand vom Alltag.</p>
<p data-start="1089" data-end="1342">In unserem Saunafass finden 2 Personen (liegend) bis zu 6 Personen (sitzend) Platz. Die Nutzung ist t&auml;glich auf Voranmeldung m&ouml;glich. Bitte melden Sie sich mindestens eine Stunde vorher an der R&eacute;ception, damit wir die Sauna f&uuml;r Sie vorbereiten k&ouml;nnen.</p>;9.278622;47.1124527;Schulhausstr. 1;8885;Quarten;+41 81 738 12 25;info@schiffahrt-mols.ch;https://www.schiffahrt-mols.ch/;[{'@type': 'ImageObject', 'contentUrl': 'https://hltpimtsoch.sos-ch-dk-2.exoscale-cdn.com/catalog/e/4/1/5/e4159d141821a578cd5e571248699433d6e15c32_IMG_20221225_WA0000__002_.jpg'}];2026-04-26T04:50:34+02:00
5f12c2e9-71ad-42ea-acfc-b9e10c99c010;Landquart Fashion Outlet;Das Landquart Fashion Outlet bietet über 170 Marken in mehr als 100 Geschäften zu günstigen Preisen. Besucherinnen und Besucher können durch das Chalet-Style Shopping-Village schlendern und die Atmosphäre sowie die gastronomischen Angebote geniessen.;<p>Inmitten der malerischen Kulisse der B&uuml;ndner Berge erwartet Sie das Landquart Fashion Outlet. Nur 60 min von Z&uuml;rich und 50 min von St. Gallen entfernt. Mehr als 170 Marken in &uuml;ber 100 Stores zu luxuri&ouml;s g&uuml;nstigen Preisen: Mode, Accessoires, Home- und Lifestyle-Produkte sowie eine faszinierende Auswahl an Outdoor- und Sportartikeln. Bummeln Sie durch das Shopping-Village im Chalet-Style, geniessen Sie die bezaubernde Atmosph&auml;re und lassen Sie sich in unseren vielf&auml;ltigen Restaurants, Caf&egrave;s und Bistros verw&ouml;hnen.</p><p>Auch sonntags ge&ouml;ffnet.</p><p>Attraktionen:</p><p>- Werden Sie Mitglied im Landquart Fashion Club. Laden Sie die Fashion Club App noch heute herunter (iOS und Android) und sparen Sie nochmals.</p><p>- Geniessen Sie Snacks an unseren Foodst&auml;nden oder feine Speisen und Drinks in unseren Restaurants, Caf&eacute;s und Bistros.</p><p>- Verbinden Sie Ihren Shopping-Ausflug mit einer Tour zu den Winzern der B&uuml;ndner Herrschaft und / oder einer Degustation (Informationen erhalten Sie telefonisch 081-300 02 22).</p><p><span style="mso-ascii-font-family: Aptos; mso-hansi-font-family: Aptos;">- Die Guest Services beim Nord- und S&uuml;deingang bietet Ihnen praktische Dienstleistungen an, darunter sofortige Steuerer&uuml;ckerstattung f&uuml;r ausl&auml;ndische Besucher und Besucherinnen.&nbsp;</span></p><p><!-- [if !supportLists]--><span style="mso-ascii-font-family: Aptos; mso-hansi-font-family: Aptos;">- Mit der j&uuml;ngsten Erweiterung pr&auml;sentiert sich das Village als noch attraktivere Shopping- und Lifestyle-Destination mit spannenden neuen Marken und Erlebnissen.</span></p>;9.552645672518366;46.96516814879244;Alpenblick 5;7302;Landquart;+41 81 300 02 22;info@landquartfashionoutlet.ch;http://www.landquartfashionoutlet.ch;[{'@type': 'ImageObject', 'contentUrl': 'https://hltpimtsoch.sos-ch-dk-2.exoscale-cdn.com/catalog/5/4/c/7/54c779fdd7e8d9941f879100fdf1ebc4fac36f32_Hauptbild_Landquart_Fashion_Outlet.jpg'}];2026-08-07T13:17:06+02:00
5f53692e-d66b-4c02-9b04-6ce4e1e1a190;Tennisplätze Zizers;Die Tennisplätze und das Clubhaus des Tennisclubs Zizers befinden sich am oberen Dorfrand von Zizers im Churer Rheintal. Sie bieten eine ruhige Umgebung und eine schöne Aussicht, ideal für eine entspannte Pause.;Die Plätze und das Clubhaus des Tennisclubs Zizers liegen an einem der schönsten Flecken im Churer Rheintal: Das «Stöckli» liegt am oberen Dorfrand von Zizers. Ein Besuch lohnt sich, selbst wenn man nicht Tennis spielen will. Einfach da sitzen, für einen kurzen Augenblick innehalten, die Ruhe und die schöne Aussicht geniessen, das tut gut. So oder so!;9.569778442382814;46.93203706901796;Im Stöckli;7205;Zizers;+41 81 322 51 88;info@tczizers.ch;http://www.tczizers.ch;[{'@type': 'ImageObject', 'contentUrl': 'https://hltpimtsoch.sos-ch-dk-2.exoscale-cdn.com/catalog/7/9/7/9/79790fe0898cdf1d807c98ea853d93aebedccf32_IMG_1466.jpeg'}];2026-07-21T14:20:12+02:00
6e3d9576-d52e-480b-bf31-84628f5c907c;E-Bike Station Bad Ragaz;Die E-Bike Station Bad Ragaz mit Bikeverleih bietet eine moderne Mietflotte an Trek E-Bikes und E-Scootern. Sie ist ideal für Tipps zu Touren in der Region Heidiland, Buchungen von Guides und Fahrtechnikkursen. Betrieb von Mai bis Oktober.;<p>Betrieben vom Zweiradfachgeschäft Suso Bike aus Walenstadt bietet die Station eine topmoderne Mietflotte an Trek E-Bikes und E-Scooter. Wer Tipps für Touren mit dem E-Bike in der Region Heidiland braucht, einen Guide oder einen Fahrtechnikkurs buchen möchte, ist bei der E-Bike Station Bad Ragaz an der richtigen Adresse. - Trek E-Mountainbikes, Diamant City-E-Bikes und E-Scooter - Tipps, Infos und Kontakte zum Radfahren in der Region Heidiland - Buchung von Kulinarik-Touren und weitere Angebote der E-Bike Station Bad Ragaz - Geführte Touren mit Guide und Fahrtechnikkurse Gruppen haben die Möglichkeit, die E-Bikes an einen bestimmten Ausgangspunkt liefern zu lassen oder sie dort abzuholen. Preis auf Anfrage. Betrieb: Mai - Oktober</p>;9.505157;46.9997676;Hans Albrecht-Strasse;7310;Bad Ragaz;+41 81 735 32 70;badragaz@susobike.ch;https://www.ebikestation.ch/;[{'@type': 'ImageObject', 'contentUrl': 'https://hltpimtsoch.sos-ch-dk-2.exoscale-cdn.com/catalog/5/f/5/3/5f534af471e9326d8cd042382bfd57f3cae314e5_E_Bike_Station_Bad_Ragaz_Suso_Bike_lgmedia_20240526_1__2.jpg'}];2026-08-07T09:30:26+02:00
6f68f44b-cd21-444b-90f0-5f0a69439641;Kiosk Strandbad Unterterzen;Der Kiosk im Strandbad Unterterzen am Walensee bietet im Sommer Snacks, kleine warme Gerichte, Getränke und Eis direkt am See.;<div><p>Der <strong>Kiosk im Strandbad Unterterzen</strong> an der Gostenstrasse 20 liegt direkt am Ufer des Walensees und versorgt Badeg&auml;ste w&auml;hrend der Sommersaison mit kleinen warmen Gerichten, Snacks, Getr&auml;nken und Eis. Zum Angebot z&auml;hlen klassische Badi‑Spezialit&auml;ten wie Hot Dogs, Hamburger sowie eine Auswahl an erfrischenden Getr&auml;nken.</p><p>Der Kiosk befindet sich auf dem <strong>kostenlos zug&auml;nglichen Gel&auml;nde des Resort Walensee</strong> mit Liegewiese, Kieselstrand und Grillstelle. Das Strandbad ist vom <strong>Bahnhof Unterterzen in wenigen Gehminuten erreichbar</strong> und eignet sich ideal f&uuml;r einen entspannten Badetag oder eine Pause am See.</p><p>Zur Infrastruktur vor Ort geh&ouml;ren zudem eine <strong>Beach Lounge</strong>, &ouml;ffentliche <strong>Toiletten und Duschen</strong>, ein <strong>Spielplatz</strong> sowie weitere gastronomische Angebote auf der Terrasse des Resort Walensee. F&uuml;r aktive G&auml;ste stehen im angrenzenden <strong>Intersport‑Verleih SUPs und Kajaks</strong> zur Verf&uuml;gung.</p><p>Der Kiosk Strandbad Unterterzen ist damit ein beliebter Treffpunkt f&uuml;r Badeg&auml;ste, Familien und Ausfl&uuml;gler, die den Sommer direkt am Walensee geniessen m&ouml;chten.</p></div>;9.254651069641115;47.11473699623163;Gostenstrasse 20;8882;Unterterzen;[{'@type': 'ImageObject', 'contentUrl': 'https://hltpimtsoch.sos-ch-dk-2.exoscale-cdn.com/catalog/9/8/5/c/985cfb78182a7be1c9e3fde63821b4a1a4150aad_Kiosk_Piktogramm_HLT.png'}];2026-04-22T20:35:39+02:00
6fa15ff9-ea7b-4733-9dd9-6d79c6f55cd0;E-Tandem-Miete für alle;Die E-Tandem-Miete in Landquart bietet eine barrierefreie Möglichkeit, die Heidiland Region zu erkunden. Mit elektrischer Unterstützung können Paare und Familien mühelos die Umgebung entdecken. Attraktive Mietbedingungen für Menschen mit Beeinträchtigung sind verfügbar.;- Erleben Sie unvergessliche Abenteuer auf unserem Moustache E-Tandem!
- Perfekt für Freunde, Paare und Familien, egal ob mit oder ohne Beeinträchtigung!
- losfahren, Spaß haben und geniessen!
- elektrische Unterstützung für müheloses Fahren auch am Berg!
- Geniessen Sie die Heidiland Region und erkunden Sie neue Orte!
- sehr attraktive Mietbedingungen für Menschen mit Handycap an unserem Standort in Landquart bei der Sportshop 41 AG!
- Buchen Sie jetzt und entdecken Sie die Freude am E-Tandemfahren!

Worauf warten Sie noch? Lernen Sie diese schöne Region auf eine einzigartige und barrierefreie Art und Weise kennen!
Planen Sie noch heute Ihr Tandem-Abenteuer. Wir freuen uns darauf, Ihnen ein unvergessliches Erlebnis zu bieten!

Schweizerischer Blinden- und Sehbehindertenverband, Sektion Graubünden;9.5571107;46.9675999;Bahnhofstrasse 18;7302;Landquart;+41 81 330 04 41;info@sportshop41.ch;https://www.anderssehen.ch/landquart;[{'@type': 'ImageObject', 'contentUrl': 'https://hltpimtsoch.sos-ch-dk-2.exoscale-cdn.com/catalog/3/c/7/f/3c7f23cb9afa84f7807412791fe05cf2f85ec526_20230709_Moustache_E_Tandem_2__3.jpg'}];2026-08-02T11:59:13+02:00
736d74dd-b29e-43d9-a41a-0e865e3672ef;Suso Bike GmbH, Walenstadt;Ihr Partner für alles rund ums Fahrrad: kompetente Beratung, erstklassige Werkstatt, hochwertige Bekleidung und Zubehör – für unvergessliche Radmomente!;<p>Wir sind Ihr erster Ansprechpartner rund um ihre Radmomente. Es ist uns wichtig das passende f&uuml;r ihre Bed&uuml;rfnisse zu finden, wir beraten sie kompetent, sind zuverl&auml;ssig und geben unser best M&ouml;gliches ihre W&uuml;nsche zu erf&uuml;llen.</p><p>Wir bieten ihnen beste Qualit&auml;t und Leistungen f&uuml;r Ihr Fahrrad vom Verkauf bis zur Reparatur in unserer professionellen Werkstatt mit ausgebildeten Fachkr&auml;ften, bei uns ist ihr Zweirad in den richtigen H&auml;nden, auch nach dem Kauf sind wir f&uuml;r sie da.</p><p>Zudem f&uuml;hren wir Bike Bekleidung vieler Marken, von der Socke bis zum Helm! Auch f&uuml;r alles rund herum sind wir ausgestattet von der Bikekarte, &uuml;ber den Einkaufskorb f&uuml;r ihr Velo bis hin zur Beleuchtung!</p>;9.314852618499426;47.12321125;Burgstrasse 11;8880;Walenstadt;+41 81 735 32 70;info@susobike.ch;http://www.susobike.ch;[{'@type': 'ImageObject', 'contentUrl': 'https://hltpimtsoch.sos-ch-dk-2.exoscale-cdn.com/catalog/8/8/2/a/882aaefc8b0807211ac4e282cda7932e7170a0a2__DSC0215_1.jpg'}];2026-04-26T04:50:34+02:00
7441b9ad-515d-4d1e-af39-fa8ae5370649;Metzgerei Kalberer;Metzgerei Kalberer – seit über 80 Jahren für regionale Fleisch- und Wurstspezialitäten bekannt. Frisch, hochwertig und mit Tradition.;<p data-start="152" data-end="472">Die Metzgerei Kalberer AG in Wangs steht seit mehr als acht Jahrzehnten f&uuml;r erstklassige Fleisch- und Wurstspezialit&auml;ten. In Familienbesitz gearbeitet, legt das Unternehmen grossen Wert auf Regionalit&auml;t: die Tiere stammen von einheimischen Lieferanten, und die Herstellung erfolgt m&ouml;glichst ohne unn&ouml;tige Zusatzstoffe.</p><p data-start="474" data-end="861">Neben dem Verkaufsladen in Wangs betreibt Kalberer eine Produktionshalle in Vilters. Wer auch ausserhalb der Ladenzeiten hochwertiges Fleisch w&uuml;nscht, profitiert vom Fleischautomaten neben dem Laden &ndash; rund um die Uhr mit Barzahlung nutzbar. Mit etwa 15 Mitarbeitenden bietet die Metzgerei pers&ouml;nlichen Service, Frische und Verl&auml;sslichkeit f&uuml;r alle, die Wert auf echte Metzgerkunst legen.</p>;9.431564;47.0322727;Dorfstr. 26;7323;Wangs;+41 81 723 13 69;info@metzgerei-kalberer.ch;https://www.metzgerei-kalberer.ch/;[{'@type': 'ImageObject', 'contentUrl': 'https://hltpimtsoch.sos-ch-dk-2.exoscale-cdn.com/catalog/9/4/d/7/94d7f6fd6a6677c4bc6e24b35af08fcad7069caa_laden_panorama_scaled.jpg'}];2026-05-15T02:39:35+02:00
74a4f83b-28b2-4846-a580-43d93845bdad;Schweizer Skischule Bad Ragaz-Wangs-Pizol;Die Schweizer Skischule Bad Ragaz-Wangs-Pizol bietet Privat- und Gruppenunterricht für Skifahrer und Snowboarder aller Könnerstufen. Der Unterricht wird individuell auf die Bedürfnisse der Teilnehmenden abgestimmt, um den besten Lernerfolg zu erzielen.;<p>Privat- sowie Gruppenunterricht</p><p>Bester Lernerfolg! Ihr Schneesportlehrer richtet den Unterricht auf Ihre Bedürfnisse und Wünsche aus. Für Kinder und Erwachsene, für Skifahrer und Snowboarder aller Könnerstufen.</p>;9.4641886;46.9894085;[{'@type': 'ImageObject', 'contentUrl': 'https://hltpimtsoch.sos-ch-dk-2.exoscale-cdn.com/catalog/0/e/6/4/0e64efbed22c7efc7163f172a22c1153bdbcbf87_Hauptseite_0.jpg'}];2025-12-17T14:54:40+01:00
76381e05-743d-49f1-8335-97be6557af91;Kletterturm CLiiMBER;Der Kletterturm CLiiMBER auf der Prodalp bietet über 100 Kletterstationen auf drei Etagen. Mit flexiblen Routen und unterschiedlichen Schwierigkeitsgraden ist er ideal für Familien und Gruppen. Der MiniCLiiMBER und flyingCLiiMBER bieten zusätzliche Erlebnisse.;Kletterturm CLiiMBER – das heisst für dich abwechslungsreicher Kletterspass mit über 100 Kletterstationen kompakt eingebettet auf 3 Etagen im kristallförmigen Turm auf der Hochebene Prodalp.

Jede Etage bietet 30 verschiedene, originell ausgearbeitete Kletterstationen mit unterschiedlichem Design und Schwierigkeitsgrad.

Durch die flexible Parcoursreihenfolge entscheidest du selber, welche Route du nimmst und erhöhst deinen Schwierigkeitsgrad hinauf zur 3. Etage auf luftige 15 Meter Höhe nach eigenem Ermessen.

miniCLiiMBER
Der exklusive MiniCLiiMBER ermöglicht gar Kids ab 4 Jahren oder bis 1.40 m erste Kraxeltouren.

flyingCLiiMBER
Lass dich ab den oberen Etagen vom Kletterturm in die Weite tragen und schwebe mit dem flyingCLiiMBER auf 6 verschiedenen Linien, auf über 15 Meter Höhe und 700 m Länge. Spüre den Wind und geniesse die herrliche Aussicht. Dieses Erlebnis ist nur für Personen die grösser als 1.40 m sind erlaubt. 

CLiiMBERwall
Deine Geschicklichkeit ist gefragt. Klettere auf 5 Kletterrouten auf eine Höhe von 6 Metern. Versuche dich in dieser faszinierenden Sportart und trainiere deine Kraft in Händen und Armen. Kinder ab 4 Jahren dürfen die CLiiMBERwall benützen. Das Selbstsicherungssytem bringt alle Kletternden sicher wieder auf den Boden.;9.288795590400698;47.080727680903;Prodalp;8897;Flumserberg Tannenheim;+41 81 720 15 15;info@flumserbergbahnen.ch;https://www.flumserberg.ch/kletterberg;[{'@type': 'ImageObject', 'contentUrl': 'https://hltpimtsoch.sos-ch-dk-2.exoscale-cdn.com/catalog/5/e/e/8/5ee87047c97ca7e3d64f763547560e034b989cdf_Kletterturm_CLiiMBER.jpg'}];2026-06-24T12:18:51+02:00
791f3b4e-6af1-43c3-ace2-1f1598aefc5f;Boulderei GmbH;Die Boulderei GmbH in Flums bietet eine 220 m2 grosse Boulderhalle mit Routen für alle Schwierigkeitsgrade. Eine Lounge und eine Bar sorgen für Entspannung, während eine Kinderecke die kleinen Gäste willkommen heisst.;Wir bieten mit unserer Boulderhalle mit 220 m2 eine Vielzahl an Routen in allen möglichen Schwierigkeitsgraden an. Bei uns findet der Anfänger sowie der Profi eine geeignete Route, die seinen Ansprüchen gerecht wird.

Neben unserer Boulderwand bieten wir eine Lounge für die Erholung und betreiben eine kleine Bar, an der man den Durst löschen kann. 

Auch Kinder sind bei uns herzlich willkommen. Für unsere kleinen Besucher haben wir eine spezielle Kinderecke gebaut, in der sich die Begleiter von Mama und Papa ideal zurückziehen können.

Für Firmen, Schulen, Kindergeburtstage und grössere Gruppen ab 8 Personen besteht die Möglichkeit, die Boulderhalle auch ausserhalb der Öffnungszeiten zu mieten.;9.341082572937013;47.087936510281935;Bergstrasse 31c;8890;Flums;+41 78 741 24 17;info@boulderei.ch;http://www.boulderei.ch/;[{'@type': 'ImageObject', 'contentUrl': 'https://hltpimtsoch.sos-ch-dk-2.exoscale-cdn.com/catalog/9/b/9/c/9b9c40b7d94fb3a0299a0493c46a24c0f90e42b6_244591735_4817449338288107_8260655810413698918_n.jpg'}];2026-05-15T08:33:52+02:00
7a0eba2d-e7f9-42a1-8545-505e95e9b997;Foto Fetzer;Foto Fetzer in Bad Ragaz bietet ein breites Spektrum an Fotodienstleistungen. Das Fachgeschäft zeichnet sich durch Kreativität, Zuverlässigkeit und Qualität aus und ist sowohl für Innen- als auch Aussenaufnahmen geeignet.;Kreativität, Zuverlässigkeit und Qualität sind Werte, die uns auszeichnen. Mit unserem spezialisierten und motivierten Team, das sich laufend weiterbildet, stehen wir Ihnen mit unserem Fachwissen jederzeit gerne zur Verfügung. Unsere Aufnahmen umschreiben wir als natürlich, lebendig und gefühlvoll.;9.500808119773867;47.00266071223961;Bartholoméplatz 11;7310;Bad Ragaz;+41 81 302 11 10;info@fetzer.ch;https://fetzer.ch/;[{'@type': 'ImageObject', 'contentUrl': 'https://hltpimtsoch.sos-ch-dk-2.exoscale-cdn.com/catalog/3/b/5/d/3b5dd081101f619b950eb130d0fdea6ab3078ade_FotoFetzer_004_Shop.jpg'}];2026-08-12T14:32:47+02:00
7e759b10-9f0b-4d17-92eb-d05d9398a49c;Start Snowboarding - Snowboardschule;Die Snowboardschule 'Start Snowboarding' in Flumserberg bietet private Kurse für Anfänger an. In vier Lektionen lernen Teilnehmende die Grundlagen des Snowboardens, begleitet von einem Privatlehrer, der auf individuelle Bedürfnisse eingeht.;Snowboarden zu lernen ist keine Hexerei. Während den 4 Privatlektionen, aufgeteilt auf den Morgen und Nachmittag, lernst du endlich Snowboarden! In diesem privaten Snowboardkurs in Flumserberg für Beginner, gehen wir locker sämtliche Schritte bis zu den ersten Basic-Turns durch. Das heisst du wirst bereits die ersten Kurven lernen. Der Kurs richtet sich speziell an Anfänger, welche zum ersten Mal auf dem Snowboard stehen werden. Dank dem Privatlehrer steht dir bei jedem Schritt jemand zur Seite, welche auf deine Bedürfnisse und Fortschritte eingehen kann und dir in jeder Situation zur Seite steht. Falls du den Kurs mit einer Kollegin oder einem Kollegen besuchen willst, darf dieser Gratis teilnehmen.;9.278898239135744;47.090753870005436;Bahnhofstrasse 1;8890;Flums;+41 78 705 23 97;info@startsnowboarding.ch;https://www.startsnowboarding.ch;[{'@type': 'ImageObject', 'contentUrl': 'https://hltpimtsoch.sos-ch-dk-2.exoscale-cdn.com/catalog/2/7/e/d/27edb18484333ded28bb35850f5d4e0a3d933108_overview_5_DCzNU7SJQCnKJLvj3vtt3LiDstKQws76vOgg8n1g.jpg'}];2026-05-15T08:43:30+02:00
7f3b889f-6fbe-498d-a36e-5167bcb5e2cd;INTERSPORT Network Flumserberg Testcenter Prodalp;Das INTERSPORT Network Flumserberg Testcenter Prodalp bietet eine grosse Auswahl an Schneesportausrüstung zum Testen und Kaufen. Vor Ort können Skier und Snowboards getestet werden, inklusive Materialwechsel während der Mietdauer.;Das Testcenter Prodalp bleibt über die Sommersaison geschlossen. 

Auf Prodalp finden Sie das Testcenter des INTERSPORT Network Flumserberg. Es steht Ihnen eine grosse Auswahl an Schneesportausrüstung direkt vor Ort zum Testen wie zum Kaufen zur Verfügung. Des Weiteren haben Sie die Möglichkeit Ihren Skiern oder dem Snowboard den letzten Wachs- bzw. Kantenschlief zu verpassen.

Test & Buy
Sie möchten sich gerne ein neues Paar Ski oder ein neues Snowboard kaufen, sind sich aber noch nicht sicher welche Marke beziehungsweise welches Modell es sein soll? Im Testcenter Prodalp haben Sie die Möglichkeit Snowboards und Skier direkt vor Ort zu testen. Bei der Bezahlung des Testtarifes haben Sie die Möglichkeit eines uneingeschränkten Materialwechsels während der Mietdauer. Und zudem werden beim Kauf bis zu zwei Testtage an den Preis angerechnet.;9.288613724365861;47.08039230899453;Testcenter Prodalp;8897;Flumserberg;+41 81 720 16 04;prodalp@intersport-network.ch;https://www.intersport-network.ch/filialen/testcenter-prodalp/;[{'@type': 'ImageObject', 'contentUrl': 'https://hltpimtsoch.sos-ch-dk-2.exoscale-cdn.com/catalog/2/b/a/5/2ba5a8590a122056846e040f844ff65ff01e3f44_tkv_bbf_skigastro_0039__52_5696__2.jpg'}];2026-05-29T04:14:08+02:00
81af0ace-bb54-4f54-8c5d-f5f21f062d35;Buchladen Bad Ragaz;Der Buchladen Bad Ragaz bietet eine sorgfältig ausgewählte Buchkollektion im Herzen von Bad Ragaz. Eine persönliche Beratung vor Ort ist selbstverständlich, um die passende Lektüre für jeden Geschmack zu finden.;Bücherliebhaber.   Bei unserer kleinen, aber feinen Auswahl an Büchern wird jeder fündig. Alle Titel sind persönlich ausgewählt und die Auswahl immer aktuell.  Eine persönliche Beratung vor Ort ist für uns selbstverständlich;9.501081705093384;47.00311805552805;Bartholoméplatz 3;7310;Bad Ragaz;+41 81 302 16 14;info@buchbadragaz.ch;https://buchbadragaz.ch/;[{'@type': 'ImageObject', 'contentUrl': 'https://hltpimtsoch.sos-ch-dk-2.exoscale-cdn.com/catalog/c/b/8/3/cb834baf10d7bac1f476c28e1f948e370758af6c_Buchladen_Bad_Ragaz_Buecherliebe_KaufLokal_1.png'}];2026-05-08T13:25:05+02:00
831134dd-4b85-4a3c-b444-cd46e79178ed;Rodelbahn FLOOMZER;Die Rodelbahn FLOOMZER am Flumserberg bietet eine 2 km lange Abfahrt durch Tunnel, über Brücken und Kurven. Dank wetterfester Fahrzeuge ist der Spass bei jeder Witterung möglich. Ein beliebtes Ziel für Familien und Gruppen.;Flitze auf der sicheren Rodelbahn 2 km und 250 Tiefenmeter durch Tunnel, über Brücken, Kurven, Wellen und Kreisel durch die atemberaubende Landschaft vom Chrüz bis nach Tannenboden. Mit dem attraktiven Early Bird-Angebot profitierst du täglich von unlimitierten Rodelfahrten von 10.00 bis 12.00 Uhr. Dank der wetterfesten Rodel-Fahrzeuge, kann der FLOOMZER-Spass bei jeder Witterung stattfinden. Die Rodelbahn FLOOMZER ist ein beliebtes Ausflugsziel für Familien, Gruppen, Vereine und Firmen.;9.2807483;47.0919796;Molseralpstrasse 9;8898;Flumserberg Tannenboden;+41 81 720 15 15;info@flumserbergbahnen.ch;https://www.flumserberg.ch/rodelberg;[{'@type': 'ImageObject', 'contentUrl': 'https://hltpimtsoch.sos-ch-dk-2.exoscale-cdn.com/catalog/0/d/f/a/0dfa7c4fa916fc8bfd1710e0ca9fd471d753d728_Rodelbahn_FLOOMZER_aussichtsreiche_Talfahrt.jpg'}];2026-06-24T14:42:51+02:00
9c03003f-a7e5-4c7d-92b2-c82cdd4025e0;Tennishalle in der alten Spinnerei;Die Tennishalle in der alten Spinnerei in Murg bietet ein 630 m² grosses, modernes Indoor-Spielfeld. Der Rebound-Ace-Platz ist täglich von 8 bis 22 Uhr für die Öffentlichkeit zugänglich und kann stundenweise gebucht werden.
Online Reservation oder schriftliche Anmeldung via Rezeption lofthotel;In der alten Spinnerei schlagen Sie Ihre Bälle auf einem 630m² grossen, topmodernen Indoor-Spielfeld. Der Rebound-Ace-Platz (Australian Open, Olympics in Sidney) steht der Öffentlichkeit täglich von 8:00 bis 22:00 Uhr zur Verfügung und kann für eine oder zwei Stunden gebucht werden.;9.2170854;47.1124346;Alte Spinnerei;8877;Murg;+41 81 720 35 75;info@lofthotel.ch;https://lofthotel.ch/tennis-fitness-e-bike/;[{'@type': 'ImageObject', 'contentUrl': 'https://hltpimtsoch.sos-ch-dk-2.exoscale-cdn.com/catalog/3/c/a/a/3caaf8ba09d5dfdfe4e7675a6282cf3895061748_Tennishalle_lofthotel_2.jpg'}];2026-08-31T11:25:40+02:00
9dca36e5-0d2d-4f48-874e-a26015221a92;Igiser Hoflädali;Das Igiser Hoflädali bietet eine Auswahl an feinen Hofprodukten und Deko-Artikeln. Der Bio-Bauernhof in Igis ist täglich von 8 bis 20 Uhr geöffnet und bietet Selbstbedienung.;Hofladen und Bio-Bauernhof;9.579541683197023;46.953721229174754;Gandastrasse 23;7206;Igis;+41 79 301 39 21;hof-campania@bluewin.ch;[{'@type': 'ImageObject', 'contentUrl': 'https://hltpimtsoch.sos-ch-dk-2.exoscale-cdn.com/catalog/c/0/a/c/c0ac46bfcc8254a0de5530b951165d55f0fd2b79_20200301_102559__3.jpg'}];2026-06-24T14:42:59+02:00
b41dc681-9886-4601-a691-f109a663241b;Coop Supermarkt Walenstadt;Der Coop Walenstadt ist ein Supermarkt mit einem vielseitigen Sortiment an Lebensmitteln, Frischeprodukten und Artikeln für den täglichen Bedarf.;<div><p>Der Coop Supermarkt in Walenstadt bietet eine komfortable Einkaufsm&ouml;glichkeit f&uuml;r den t&auml;glichen Bedarf. Das breite Sortiment umfasst frische Lebensmittel, Backwaren, Getr&auml;nke sowie Produkte f&uuml;r Haushalt und Alltag und legt Wert auf Qualit&auml;t, Regionalit&auml;t und Nachhaltigkeit.</p><p>Er ist f&uuml;r Einheimische und G&auml;ste gut erreichbar und eignet sich ideal f&uuml;r den schnellen Einkauf oder die Selbstversorgung w&auml;hrend eines Aufenthalts in der Region. Coop steht f&uuml;r verl&auml;ssliche Qualit&auml;t, eine &uuml;bersichtliche Ladenstruktur und ein vielseitiges Angebot.</p></div>;9.3145526;47.1233912;Bahnhofstrasse 11/13;8880;Walenstadt;+41 81 254 17 00;https://www.coop.ch/de/standorte/coop-supermarkt-walenstadt/1358_POS?;[{'@type': 'ImageObject', 'contentUrl': 'https://hltpimtsoch.sos-ch-dk-2.exoscale-cdn.com/catalog/e/3/8/0/e38070a7a2a18d6757bd15fd1add1ed9bf96cd1f_Einkaufen_Piktogramm_HLT.png'}];2026-04-26T05:01:13+02:00
bba644fb-dd6e-4cce-9865-1be9bcf533fc;INTERSPORT Network Flumserberg Filiale Unterterzen;Die INTERSPORT Network Flumserberg Filiale in Unterterzen liegt direkt am Walensee. Im Sommer können Stand-up-Paddles, Kajaks und Pedalos gemietet werden. Eine saisonale Textilabteilung ist das ganze Jahr über verfügbar.;Die INTERSPORT Network Flumserberg Filiale in Unterterzen befindet sich direkt am Seeufer des Walensees. Gerne überzeugen wir Sie von unserem topaktuellen Sortiment, kundenorientierten Dienstleitungen und fachkompetenter Beratung und sind mit Freude für Sie da. Im Sommer haben Sie die Möglichkeit, Stand-up-Paddles, Kajaks und Pedalos zu mieten. Während des ganzen Jahres präsentiert die Filiale eine grosse und der Saison angepasste Textilabteilung.

Wie wäre es mit einer E-Bike-Tour entlang des Walensees? Den fahrbaren Untersatz dafür mieten Sie ganz einfach in der INTERSPORT Filiale Unterterzen.

Jetzt Fahrrad online mieten unter www.intersport-network.ch;9.2559119;47.1151965;Gostenstrasse 25;8882;Unterterzen;+41 81 720 16 01;info@intersport-network.ch;https://www.intersport-network.ch/filialen/unterterzen/;[{'@type': 'ImageObject', 'contentUrl': 'https://hltpimtsoch.sos-ch-dk-2.exoscale-cdn.com/catalog/1/2/7/4/12748f4df9e54a5d93ffe67c2ed6d1b508838f60_tkv_bbf_isn_sommer_089__51_7675.jpg'}];2026-08-30T16:30:14+02:00
bcb401c1-b64e-45b0-a930-69fc60b99f08;Minigolf mit Kiosk im Kurpark Bad Ragaz;Der Minigolfplatz im Kurpark Bad Ragaz bietet 18 Bahnen für ein spannendes Spiel. Er liegt im Herzen von Bad Ragaz und ist ideal für Paare, Familien und Gruppen geeignet.;Wer gerne im romantischen Dorf bleibt, wagt vielleicht einen Abstecher in den Kurpark. Hier, mitten im Herzen von Bad Ragaz, lädt unser resorteigener Minigolfplatz mit 18 Bahnen zum heissen Match ein.;9.502320144456753;47.001469650000004;Bernhard-Simonstrasse;7310;Bad Ragaz;+41 81 303 30 30;reservation@resortragaz.ch;http://www.resortragaz.ch;[{'@type': 'ImageObject', 'contentUrl': 'https://hltpimtsoch.sos-ch-dk-2.exoscale-cdn.com/catalog/0/e/d/d/0eddddc59dbcff71d3821c71d3ea1908f5466458_20180416_125655.jpg'}];2026-08-31T16:30:16+02:00
c10724ce-9cc5-4893-9bf6-8cb1beb7f8bc;INTERSPORT Flumserberg THE ORIGINAL;Intersport Flumserberg Tannenboden bietet eine grosse Auswahl an Sportartikeln für alle Altersgruppen. Das Geschäft befindet sich am Flumserberg und ist ideal für Sportbegeisterte, die hochwertige Ausrüstung suchen.;Grüäzi bei INTERSPORT FLUMSERBERG - das Feine, einheimische Sportgeschäft am Flumserberg, Tannenboden Dorf. Bei uns findest du alles rund um den Wintersport. Ski, Snowboard und Langlauf mieten; einfach, schnell, preiswert und beste Qualität. Wir sind echte Schneesportprofis und die Sport Dienstleister der Region. Unser Mietmaterial und die Infrastruktur sind topmodern und wir können euch schon heute eine hervorragende Betreuung durch unser junges, langjähriges & einheimisches Personal garantieren. Direkt beim Skischulsammelplatz Tannenboden Dorf gelegen. Mit den Übungsliften Schwammkopf und Madils gelangst du einfach und direkt ins Skigebiet. Offizieller Stöckli Händler. Speziallist Skischuh Verkauf.
Online Reservation: https://www.intersportflumserberg.ch/rent#rent;9.284648895263674;47.09361788664114;Flumserbergstrasse 192;8898;Flumserberg Tannenboden Dorf;+41 81 733 31 32;info@intersportflumserberg.ch;https://www.intersportflumserberg.ch/;[{'@type': 'ImageObject', 'contentUrl': 'https://hltpimtsoch.sos-ch-dk-2.exoscale-cdn.com/catalog/b/8/c/7/b8c74587d19ce2b9a40a82ea8bc9faea9ff71352_Aussenansicht_2019.jpeg'}];2026-08-04T14:32:00+02:00
d8c6b80b-e605-4ea5-a6ec-1ddcf07614d4;Kiwi Kino Castels Sargans;Das Kiwi Kino Castels in Sargans bietet mit seinen zwei komfortablen Sälen ein vielfältiges Filmerlebnis. Ob Familienfilme oder Hollywood-Blockbuster, das Kino lädt in einer freundlichen Atmosphäre zum Verweilen ein.;Das Kiwi Castels mit seinen zwei komfortabel eingerichteten Sälen ist ein Erlebnisort, eingebettet im schweizweit bekannten Heidiland. Ob Familienfilme, Hollywood-Blockbuster oder auch intellektuelles Kino in der Originalfassung. Das traditionelle Kino in Sargans bietet pures Filmvergnügen in sympathisch lokaler Atmosphäre. Dabei lädt der Kinokiosk mit integrierter Bar vor oder nach dem Film zum Cüpli unter Freunden.;9.441976547241211;47.04525370201702;Pizolstrasse 3;7320;Sargans;+41 81 723 16 61;castels@kiwikinos.ch;https://www.kiwikinos.ch/sargans/kino_castels/;[{'@type': 'ImageObject', 'contentUrl': 'https://hltpimtsoch.sos-ch-dk-2.exoscale-cdn.com/catalog/c/e/b/4/ceb4668760d27ef745802d51c5df2bca12e9715f_getlstd_property_photo.jpg'}];2026-07-09T08:36:32+02:00
dae7c8f0-8b19-43bf-8b00-c00c173bcb33;Berber Semmelink - Ski Academy;Du willst besser werden? Passionierte & engagierte Skilehrer helfen dabei ;Die BSSKI Academy bietet privaten Ski- und Snowboardunterricht mit erfahrenen Lehrern sowie Gruppenunterricht für diejenigen, die lieber mit anderen zusammen lernen möchten. Egal ob du Anfänger oder Fortgeschrittener bist, die BSSKI Academy kann dir helfen, deine Ziele auf und abseits der Piste zu erreichen.;9.27947759628296;47.091572393806004;[{'@type': 'ImageObject', 'contentUrl': 'https://hltpimtsoch.sos-ch-dk-2.exoscale-cdn.com/catalog/f/1/4/d/f14daadbaecf8e94da15e2885aa91b49aafd61f2_20220220_110925_scaled_e1679417260507_768x576.jpg'}];2025-11-04T09:45:20+01:00
db9ef566-6a20-476e-9909-d77d5b0cc757;BIGPOINT;Das BIGPOINT Tennis GmbH in Bad Ragaz bietet Padel, Tennis, Pickleball und Badminton sowohl indoor als auch outdoor an. Es gibt Unterricht für alle Altersklassen und Spielstärken. Rackets können gemietet werden.;Mit Padel, Tennis, Pickleball und Badminton bleiben Sie auch in Ihren Ferien in Form. Das Sportcenter in Bad Ragaz bietet folgende Sportplätze:

Indoor
- 4 Padel Courts
- 1 Padel Single Court
- 1 Kids Padel Court
- 1 Padel Ping Pong Court
- 1 Pickleball Court
- 1 Badminton Court

Outdoor
- 5 Padel Courts
- 2 Padel Single Courts
- 1 Tennis Court

Zudem bieten wir Unterricht für alle Altersklassen und Spielstärken.

Schläger für alle Sportarten können bei uns gemietet werden (Twint), Bälle und Shuttles bei der Rezeption gekauft werden (Twint).

Jetzt auf Playtomic registrieren, den gewünschten Platz direkt online buchen und Spass haben!

Weitere Infos finden Sie auf unserer Website: https://bigpointtennis.ch/bad-ragaz/;9.493603706359865;47.015295500475;Badriebweg 1;7310;Bad Ragaz;+41 81 302 47 45;info@bigpointtennis.ch;https://www.bigpointtennis.ch;[{'@type': 'ImageObject', 'contentUrl': 'https://hltpimtsoch.sos-ch-dk-2.exoscale-cdn.com/catalog/f/1/9/7/f19757a9e4d8dc979271a770f18689f561d04627_BIGPOINT_Outdoor__2.JPG'}];2026-08-12T18:58:36+02:00
de690b47-2e21-4bca-8d0b-a918316cec04;Ski- und Snowboardschule Flumserberg;Die Ski- und Snowboardschule Flumserberg bietet Kurse für alle Wintersportbegeisterten an. Von klassischem Skifahren bis zu Snowboarden und weiteren Schneeaktivitäten, hier werden sportliche Ziele mit Spassgarantie verwirklicht.;Das Team der Ski- und Snowboardschule Flumserberg hilft dabei, wintersportliche Ziele zu verwirklichen – angefangen beim klassischen Skifahren und Snowboarden bis hin zu vielen weiteren Aktivitäten im Schnee. Kreativ, fokussiert, verständnisvoll und topausgebildet wissen unsere Lehrer genau, was sie tun. Freuen Sie sich auf einheimische Wintersportprofis, die das Herz am rechten Fleck haben.;9.284396767616274;47.093737630212;Flumserbergstrasse 196;8898;Flumserberg;+41 81 733 39 39;info@sssf.ch;https://www.flumserberg.ch/de/Winter-erleben/Skischule-Flumserberg;[{'@type': 'ImageObject', 'contentUrl': 'https://hltpimtsoch.sos-ch-dk-2.exoscale-cdn.com/catalog/4/5/e/9/45e95401dbcbd0c66cf5fdda3596de92be58ac0e_Skifahren_Flumserberg_Spitzmeilen.jpg'}];2026-08-06T17:19:40+02:00
e4561f03-e07c-4513-ba91-ce5a3160318c;Tamina Therme Bad Ragaz;Die Tamina Therme in Bad Ragaz bietet auf 7 300 Quadratmetern ein öffentlich zugängliches Thermalheilbad mit reinem Thermalwasser, moderner Saunakultur und einem breiten Massage- und Beauty-Angebot für Entspannung und Erholung.;Das öffentliche Thermalheilbad Tamina Therme ist als Wellness-Oase, ein Ort der Entspannung und Erholung für Körper, Geist und Seele: Das Thermalwasser in seiner reinsten Form, zelebrierte Saunakultur und das Massage-  und Beauty-Angebot in dem stimmungsvollen und licht-durchfluteten Ambiente der Therme schaffen ein intensives Wohlfühlerlebnis für alle Sinne!

Hier erleben Sie das heilende Thermalwasser in seiner reinsten Form und regenerieren Körper, Geist und Seele. Auf rund 7’300 Quadratmetern bieten sich verschiedene Attraktionen zur Entspannung nach einem anstrengenden Arbeitstag, nach intensivem Sport oder einfach, weil Ihnen das Thermalwasser gut tut.;9.50416022930948;46.99929655;Hans-Albrecht Strasse;7310;Bad Ragaz;+41 81 303 27 40;info@taminatherme.ch;https://www.grandresort.ch/spa-therme/tamina-therme;[{'@type': 'ImageObject', 'contentUrl': 'https://hltpimtsoch.sos-ch-dk-2.exoscale-cdn.com/catalog/d/0/e/5/d0e529a2a8b4cd0c616bc66b12779edc93e9b5f3_TT_Aussen_Drohne_Pool.jpg'}];2026-09-04T14:50:00+02:00
eb602550-73e8-42cc-851d-a8b8145e09ba;Golf Club Heidiland;Der 9-Loch Executive Course des Golf Club Heidiland liegt in der Bergkulisse des Bündner Rheintals. Die Anlage bietet ein Übungscenter und eine Golf Academy. Der Golfplatz ist für Mitglieder anderer Clubs mit Handicap 54 zugänglich.;Der 9-Loch Executive Course des Golf Club Heidiland ist in die wunderschöne Bergkulisse des Bündner Rheintals eingebettet. Der Golfplatz grenzt an den 18-Loch Championship Course des Golf Club Bad Ragaz. Die hervorragend gepflegte Anlage bietet mit einem eigenen Übungscenter und Golf Academy beste Voraussetzungen für ein erfolgreiches Spiel. Zum Golf Club Heidiland gehört das Golf Bistro dazu, welches sowohl Golfspieler als auch externe Gäste mit leckeren Speisen verwöhnt. Der Golfparcours steht auch Mitgliedern anderer Golf Clubs offen (mindestens Handicap 54).

Der Golfplatz grenzt an den bestehenden Golf Club Bad Ragaz und ist ebenfalls dem Grand Resort Bad Ragaz angegliedert. Gerne können auch Gäste den Parcours geniessen, die mindestens Handicap 54 besitzen und Mitglied in einem Golf Club sind. Die Übungsanlage ist für jedermann Rangfee frei zugänglich. Auf Anfrage werden Golfschläger zur Verfügung gestellt.;9.516695028802676;46.9975241;Maienfelderstrasse 50;7310;Bad Ragaz;+41 81 303 37 00;gcheidiland@resortragaz.ch;http://www.gcheidiland.ch;[{'@type': 'ImageObject', 'contentUrl': 'https://hltpimtsoch.sos-ch-dk-2.exoscale-cdn.com/catalog/1/a/9/c/1a9ccf3d9091f7f38b053dd384eea20c236be291_Golf_Club_Heidiland_1.jpg'}];2026-08-17T11:18:30+02:00
ec67a722-42c9-4635-891d-ac112e00f7f5;SPAR Supermarkt Unterterzen;Der SPAR in Unterterzen ist ein Supermarkt mit einem vielseitigen Sortiment an Lebensmitteln, Frischeprodukten und Artikeln für den täglichen Bedarf.;<div><p>Der SPAR Supermarkt in Unterterzen bietet eine praktische Einkaufsm&ouml;glichkeit f&uuml;r den t&auml;glichen Bedarf. Das Sortiment umfasst Lebensmittel, Getr&auml;nke sowie Produkte f&uuml;r Haushalt und Alltag und richtet sich sowohl an Einheimische als auch an G&auml;ste der Region.</p><p>Dank der Lage in Unterterzen ist der SPAR gut erreichbar und eignet sich ideal f&uuml;r den schnellen Einkauf zwischendurch oder f&uuml;r die Selbstversorgung w&auml;hrend eines Aufenthalts am Walensee. SPAR steht f&uuml;r N&auml;he, &Uuml;bersichtlichkeit und ein verl&auml;ssliches Angebot mit Fokus auf Qualit&auml;t und regionale Bed&uuml;rfnisse.</p></div>;9.2499457;47.1127171;Quartnerstrasse 4;8882;Unterterzen;+41 81 710 31 10;unterterzen@spar.ch;https://www.spar.ch/standorte/detail/sm-unterterzen;[{'@type': 'ImageObject', 'contentUrl': 'https://hltpimtsoch.sos-ch-dk-2.exoscale-cdn.com/catalog/9/d/9/4/9d947f167c78b5662a8ae2ac4a204f5a68ecc680_Einkaufen_Piktogramm_HLT.png'}];2026-04-26T05:01:57+02:00
f0684023-7992-4ad8-a1c5-adb38ef2ec4a;Migros-Supermarkt Walenstadt;Die Migros Walenstadt ist ein Supermarkt mit einem breiten Sortiment an Lebensmitteln, Frischeprodukten und Artikeln für den täglichen Bedarf.;<div><p>Die Migros in Walenstadt bietet eine vielseitige Einkaufsm&ouml;glichkeit f&uuml;r den t&auml;glichen Bedarf. Das Sortiment umfasst frische Lebensmittel, Fr&uuml;chte und Gem&uuml;se, Backwaren, Getr&auml;nke sowie zahlreiche Produkte f&uuml;r Haushalt und Alltag. Ein besonderer Fokus liegt auf Qualit&auml;t, Nachhaltigkeit und einem ausgewogenen Angebot an Marken‑ und Migros‑Eigenprodukten.</p><p>Der Supermarkt ist f&uuml;r Einheimische und G&auml;ste gut erreichbar und eignet sich ideal f&uuml;r den schnellen Einkauf oder die Selbstversorgung w&auml;hrend eines Aufenthalts in der Region. Die Migros steht f&uuml;r Verl&auml;sslichkeit, eine &uuml;bersichtliche Ladenstruktur und ein umfassendes Einkaufsangebot.</p></div>;9.3137591;47.1217541;Bahnhofstrasse 27;8880;Walenstadt;+41 58 712 59 50;https://filialen.migros.ch/de/migros-supermarkt-walenstadt;[{'@type': 'ImageObject', 'contentUrl': 'https://hltpimtsoch.sos-ch-dk-2.exoscale-cdn.com/catalog/9/4/9/1/949192c0d6350bea071c6eb31c5ef6fa534360d2_Einkaufen_Piktogramm_HLT.png'}];2026-04-26T04:50:54+02:00
f1751f2b-e3fb-411d-8a45-57b4c0007360;DRIFT Bike Shop GmbH;Der DRIFT Bike Shop GmbH in Bad Ragaz bietet die Möglichkeit, Miet- und Testbikes während der Öffnungszeiten abzuholen und zurückzugeben. Der Shop ist ideal für Abenteuerlustige und Bewegungsfreudige.;Abholung und Rückgabe der Miet- und Testbikes ist nur während den Öffnungszeiten des jeweiligen Shops möglich.;9.4220398;47.0481131;Sarganserstrasse 9;8887;Mels;+41 81 558 90 08;mail@driftbikeshop.ch;https://www.driftbikeshop.ch/;[{'@type': 'ImageObject', 'contentUrl': 'https://hltpimtsoch.sos-ch-dk-2.exoscale-cdn.com/catalog/4/c/f/5/4cf5b463dcfe71811c5c0e98142a876563c3bf8e_Drift_Bike_Shop__1_.jpg'}];2026-04-28T01:48:55+02:00
f18f9fde-7ac4-4a09-8589-5e7d5977467e;Chapfensee Selbstbedienung;Selbstbedienungskiosk beim Chapfensee mit Snacks und Getränken für Wandernde, Biker und Familien.;<div><div>Der Selbstbedienungskiosk beim Chapfensee bietet Getr&auml;nke, Snacks und kleine Verpflegungen zur Selbstbedienung. Rund 300 Meter vom See entfernt gelegen, ist er ein beliebter Halt f&uuml;r Wandernde, Biker und Familien.</div></div>;9.372249841690065;47.049049632566835;Parmortstrasse 60;8666;Mädris-Vermol;+41 81 733 31 51;[{'@type': 'ImageObject', 'contentUrl': 'https://hltpimtsoch.sos-ch-dk-2.exoscale-cdn.com/catalog/9/d/f/3/9df3b08fd324e1d57501fa4d2f35cde239116f6c_Chapfensee_Rundtour.jpg'}];2026-08-11T11:04:46+02:00
f736364a-e903-4dbd-9720-1a1df6156776;Alpenlodge Prod;Die Alpenlodge Prod am Flumserberg bietet moderne Gruppenunterkunft mit 48 Betten und Selbstversorgungsküche. Ideal für Schullager oder Wochenenden für Firmen und Vereine, mit herrlicher Aussicht und ruhiger Lage.;Mitten im Sommer- und Wintersportgebiet Flumserberg – auf dem Hochplateau Prodalp (1576 m) – finden Sie die Alpenlodge Prod. Die moderne Gruppenunterkunft mit 48 Betten und einer grossen Selbstversorgungsküche bietet zusätzlich Ruhe, Idylle und eine herrliche Aussicht.

Ob für ein Schullager oder für ein Wochenende für Firmen oder Vereine – die Alpenlodge Prod bietet eine Übernachtungsmöglichkeit in einmaliger Atmosphäre. Die Gruppenunterkunft hat 48 Betten (2 x 10er; 4 x 6er und 2 x 2er-Zimmer). Die Küche ist mit Induktionsherd, Steamer, Backofen, einem Tiefkühlschrank, zwei Kühlschränken und einer Abwaschmaschine ausgestattet. Der gemütliche Ess- und Aufenthaltsraum hat ein Cheminée. Der Ski- und Trockenraum eignet sich im Winter ideal zur Aufbewahrung von Skischuhen.

Die Alpenlodge Prod ist eine Gruppenunterkunft für Selbstkocher. Bei einer Buchung mit Frühstück wird Ihnen dieses direkt ins Haus geliefert. Es besteht zudem die Möglichkeit ein Käse-Fondue auf Vorbestellung in die Alpenlodge Prod liefern zu lassen oder im ca. 300 m entfernten Bergrestaurant Prodalp das Mittag- und Abendessen einzunehmen (Reservation erforderlich).

Erreichbar ist die Alpenlodge Prod mit der 12er-Gondelbahn Prodalp-Express ab Tannenheim. Ab der Bergstation Prodalp gelangen Sie zu Fuss in wenigen Minuten zur Alpenlodge Prod. Mit den Skiern oder dem Snowboard ist die Alpenlodge Prod ebenfalls erreichbar. Die Gruppenunterkunft wird ab 30 Personen vermietet.;9.287202358245851;47.076241500083825;Prodalp;8898;Flumserberg;+41 81 720 15 15;info@flumserbergbahnen.ch;http://www.alpenlodge-prod.ch;[{'@type': 'ImageObject', 'contentUrl': 'https://hltpimtsoch.sos-ch-dk-2.exoscale-cdn.com/catalog/f/9/f/6/f9f697e5383fe2f636acf091f2d71880279999c0_Alpenlodge_Prod_Flumserberg.jpg'}];2026-05-22T21:07:53+02:00
f8816b51-dd9c-46b7-ab35-fec2727d9492;Goldschmiede Benovici;Die Goldschmiede Benovici in Bad Ragaz bietet eine Vielzahl von Schmuckstücken und ist ein beliebter Anlaufpunkt für Shoppingbegeisterte. Sie befindet sich in der Maienfelderstrasse 2 und ist ideal für Paare, Familien und Einzelpersonen.;Goldschmiedeatelier für Schmuckanfertigung, Reparatur und Uhrenverkauf
Wir fertigen individuellen Schmuck nach Mass, reparieren Ihre Lieblingsstücke fachgerecht und verwandeln alten Schmuck in neue Unikate. In unserem Atelier in Bad Ragaz finden Sie handgefertigten Schmuck, verschiedene Uhren und eine persönliche Beratung. Mit viel Herz zum Detail bringen wir Ihre Ideen in Form. Ob Verlobungsring, Erbstück oder ein Geschenk - bei uns finden Sie für jedes Budget etwas.;9.5015801;47.0029988;Maienfelderstrasse 2;7310;Bad Ragaz;+41 81 302 18 46;info@goldschmiede-benovici.ch;https://www.goldschmiede-benovici.ch;[{'@type': 'ImageObject', 'contentUrl': 'https://hltpimtsoch.sos-ch-dk-2.exoscale-cdn.com/catalog/4/c/d/d/4cddc05c50cb941fc110086a6abe5aa1ff62d103_Portrait_grizoon.jpg'}];2026-05-15T07:30:22+02:00
f9ef10a4-3ce2-4276-9df3-385e8ce58630;Adventure Golf-Anlage;Die Adventure Golf-Anlage neben dem Bergrestaurant Prodalp bietet eine abwechslungsreiche 12-Loch-Anlage. Grosseltern, Eltern und Kinder können hier gemeinsam den verwinkelten Munggä-Bau erkunden und den Minigolfball den legendären FLOOMZER hinunter schiessen.;Gleich beim Bergrestaurant Prodalp befindet sich die abwechslungsreiche Adventure Golf-Anlage. Hier gleicht keine Bahn der anderen. So spielen sich bei der 12-Loch-Anlage Grosseltern, Eltern und Kinder gleichermassen durch den verwinkelten „Munggä-Bau“, folgen dem faszinierenden „Rohan Rothirsch Erlebnisweg“, erklimmen den „Spitzmeilen“ und schiessen den Minigolfball den legendären „FLOOMZER“ hinunter.;9.289412498474123;47.0803694858407;Prodalp;8897;Flumserberg;+41 81 733 27 23;info@prodalp.ch;https://www.flumserberg.ch/de/informationen/Aktivitaeten/fuer-Abenteuer-Golfer-innen_activity_853;[{'@type': 'ImageObject', 'contentUrl': 'https://hltpimtsoch.sos-ch-dk-2.exoscale-cdn.com/catalog/3/2/e/f/32ef1d529db095ed2aeaa1356c20708dafaa8407_tkv_bbf_prodalpsommer_0172__52_3361.jpg'}];2026-08-26T11:30:31+02:00
fb02190e-90b1-4f4d-95e5-e627dcb71821;BikerBerg Flumserberg;Der BikerBerg Flumserberg bietet 13 km einfache und mittelschwere Trails mit herrlichem Bergpanorama. Geführte Touren, BikerCamping und Bike-Verleih runden das Erlebnis ab. Ideal für Könner:innen, Einsteiger:innen und Familien.;Der BikerBerg Flumserberg bereichert den Sommer im südlichen St. Gallen. So steht im abwechslungsreichen Sommersportgebiet zwischen Zürich und Chur ein vielfältiges Bike-Angebot auf dem attraktiven Freizeitprogramm. 13 Kilometer einfache und mittelschwere Trails mit herrlichem Bergpanorama laden zu flowigen Abfahrten ein. Drei SchweizMobil Routen machen MTB-Fans glücklich. Der umfangreiche Service von geführten BikerTouren, über den BikerCamping bis hin zum Bike-Verleih rundet das einzigartige Erlebnis auf zwei Rädern ab.

Eine Vielfalt, die Könner:innen, Einsteiger:innen und Familien gleichermassen zu schätzen wissen.;9.2895983;47.0803081;Molseralpstrasse 9;8898;Flumserberg;+41 81 720 15 15;info@flumserbergbahnen.ch;https://www.flumserberg.ch/bikerberg;[{'@type': 'ImageObject', 'contentUrl': 'https://hltpimtsoch.sos-ch-dk-2.exoscale-cdn.com/catalog/3/0/b/4/30b40be3dab7b0d3fc7abc0621a1684711ff15af_BikerBerg_Flumserberg__4.jpg'}];2026-08-19T01:13:12+02:00
