id;name;disambiguatingDescription;description;longitude;latitude;streetAddress;postalCode;addressLocality;telephone;email;url;image;dateModified0a6e20af-a2fa-452f-a46e-2aeae01acc4e;Schlittelbahn Schrina;Winterspass pur auf der Schlittelbahn Schrina: Geniesse Panoramablicke, Ruhe und Natur – ein kostenloses Erlebnis für Familien und Geniesser.;<p data-start="137" data-end="376">Ein besonderes Wintererlebnis erwartet dich auf der rund 2 km langen Schlittelbahn Schrina am Walenstadtberg. Von Schrina Hochrugg (1289 m ü. M.) geht’s mit herrlichem Panoramablick ins Sarganserland hinunter zum Rehazentrum (967 m ü. M.).</p><p data-start="378" data-end="653">Die Schlittelbahn ist ein Geheimtipp für Familien, Naturfans und Ruhesuchende, fernab vom Trubel. Der Startpunkt ist nur zu Fuss erreichbar. Ein kurzer Winterspaziergang führt zum Ausgangspunkt beim gemütlichen „Rugg-Beizli“, ideal für eine Stärkung vor oder nach der Fahrt.</p><p data-start="655" data-end="797">Mit viel Herzblut betreiben Tourismus Walenstadt und die Familie Wildhaber dieses kostenlose Winterangebot - sicher, gepflegt und authentisch. Ob mit Kindern oder Freunden: Die Schlittelbahn Schrina garantiert Winterspass in traumhafter Naturkulisse.</p><p><strong>Anreise</strong><br>Die Anreise zur Schlittelbahn Schrina gestaltet sich am besten mit dem öffentlichen Verkehr, da nur wenige Parkplätze direkt vor der Schlittelbahn im Saniwald verfügbar sind.</p><p>Wichtig: Die Parkplätze beim Rehazentrum sind ausschliesslich den Patient:innen, Besucher:innen und Mitarbeitenden des Rehazentrums vorbehalten. Wir empfehlen daher, bequem mit dem Bus vom Walenstadt Bahnhof anzureisen, dort stehen ausreichend Parkplätze zur Verfügung.</p>;9.2679255;47.1410509;.;.;.;+41794544535;admin@tourismus-walenstadt.ch;https://www.tourismus-walenstadt.ch;[{'@type': 'ImageObject', 'contentUrl': 'https://hltpimtsoch.sos-ch-dk-2.exoscale-cdn.com/catalog/4/2/2/8/4228ec3c8e9ac9cd39dcc8528e4fe6975854e800__c__Fam_Wildhaber__10_.jpg'}];2026-01-26T15:19:04+01:00
12dce35c-7d56-425c-ae1f-bfe01026ea1b;Kinderschlittelhang Prodalp;Kinderschlittelspass Prodalp: Neben der Sesselbahn gelegen bietet die flache Abfahrt sicheren Rutschspass für Kinder mit Bob oder Schneerutscher.;<p>Auf der Prodalp befindet sich nicht nur der Start zur mittelschweren Schlittelpiste, sondern auch der Kinderschlittelhang Prodalp. Die flache Abfahrt befindet sich direkt neben der Talstation der Sesselbahn Prodkamm und ermöglicht den Kleinen sicheren Fahrspass. </p><p>Ob mit Bob oder Schneerutscher, Kinder können sich hier auf dem Schlittelhang austoben und so viele Fahrten machen, wie sie möchten.</p>;9.28822696208954;47.080566886509466;Prodalp 3920;8898;Flumserberg Prodalp;+41 81 720 15 15;info@flumserbergbergbahnen.ch;https://www.flumserberg.ch/de;[{'@type': 'ImageObject', 'contentUrl': 'https://hltpimtsoch.sos-ch-dk-2.exoscale-cdn.com/catalog/2/1/7/5/21751d1063b3f4bbb72c506f65b70f7e3ae3c95c_tkv_bbf_kinderschlittel_281_R51_9870.jpg'}];2026-01-11T15:41:07+01:00
16a2f1ce-a28c-4605-8a1f-0945f9010e0a;Naturpfad Crapparundweg;Mit Edi & Tanja auf dem Crapparundweg – spannende Orte, Quizfragen und eine Überraschung am Ende. Ein lehrreicher Spaziergang für Gross und Klein.;<p>Der mittlerweile ber&uuml;hmte Edi Eichelh&auml;her und seine Freundin Tanja Tannenh&auml;herin empfangen dich auf dem Crapparundweg bei der Rastplatzh&uuml;tte oder vor der Senn&auml;stube. Sie kennen die Umgebung so gut wie ihr Federkleid und zeigen dir spannende Orte rund um den Crappawald. Beantwortest du unterwegs ihre Quizfragen richtig, bekommst du eine L&ouml;sungszahl. Am Schluss winkt eine &Uuml;berraschung. Viel Spass auf dem lehrreichen Spaziergang!</p>;9.2852919;47.0935009;8898;Flumserberg Tannenboden;+41582293891;roger.bolliger@sg.ch;https://www.sg.ch/umwelt-natur/wald/waldregion-3-sargans/naturpfade.html;[{'@type': 'ImageObject', 'contentUrl': 'https://hltpimtsoch.sos-ch-dk-2.exoscale-cdn.com/catalog/0/7/a/d/07ad0246f15c2e256b54a97380ee6a7046becbcd_Crapparundweg_mit_Edi.jpg'}];2025-12-03T13:30:33+01:00
2e0f4a1f-7c6c-4636-818c-3d2b4fbc6322;Walensee Schifffahrt;Die Walensee Schifffahrt bietet Rundfahrten von Frühling bis Herbst an. Highlights sind das autofreie Weindörfchen Quinten und die Seerenbachfälle. Eventschiffe verbinden Genuss und Freizeit in einem besonderen Rahmen.;Erkunden Sie den Walensee während der Saison von Frühling bis Herbst auf einer Rundfahrt und lassen Sie den Alltag hinter sich. Beliebte Highlights sind ein Besuch des autofreien Weindörfchens Quinten oder ein Abstecher zu den Seerenbachfällen, die sich knapp 600 Meter in die Tiefe stürzen und zu den höchsten Wasserfällen Europas gehören. 

Die Eventschiffe sind die perfekte Wahl für alle, die Genuss und Freizeit in einem aussergewöhnlichen Rahmen verbinden möchten. Ob ein romantisches Abendessen oder eine stimmige Themenfahrt – das vielseitige Angebot sorgt dafür, dass keine Wünsche offenbleiben.

Für besondere Anlässe steht Ihnen die private Schiffsmiete zur Verfügung. Feiern Sie  Geburtstage, Familienfeste oder Hochzeiten in einem exklusiven Ambiente. Auch Unternehmen können die Walensee-Schiffe für Seminare, Business-Apéros oder Weihnachtsessen nutzen und so ihre Veranstaltung in bester Aussicht geniessen. 

Die Region ist verkehrstechnisch perfekt erschlossen. Der glasklare See ist eines der tiefsten Gewässer der Schweiz. Die imposanten Felswände der Churfirsten ragen beinahe senkrecht vom Ufer nach oben. Die Landschaft erinnert stark an einen norwegischen Fjord, besticht gleichzeitig aber auch mit einem milden, beinahe mediterranen, Klima. Der Walensee – das Paradies für Menschen von nah und fern.;9.253957020923561;47.11426285;Gostenstrasse 11;8882;Unterterzen;+41 81 720 34 34;info@walenseeschiff.ch;https://www.walenseeschiff.ch/;[{'@type': 'ImageObject', 'contentUrl': 'https://hltpimtsoch.sos-ch-dk-2.exoscale-cdn.com/catalog/a/c/4/6/ac461a5af8abe5fd7ae610b12bcd3ed86a82061d_Walensee_Schiff_MS_Churfirsten.jpg', 'caption': {'de': 'Walenseeschiff'}}];2026-05-06T12:44:07+02:00
51dc1f90-f2ec-4b7d-a226-e2b3d5735af0;Naturpfad Bad Ragaz;Lehrpfad mit Edi Eichelhäher im Giessenpark– entdecken, verstehen und schützen. Der digitale Pfad zeigt Natur, Vielfalt und Herausforderungen.;<p>Der ber&uuml;hmte Edi Eichelh&auml;her nimmt dich mit auf eine Tour. Er zeigt dir, wie wichtig verschiedene Baumarten sind, welche Tiere im Mehrfamilienhaus "Baum" wohnen und wie sie mit D&uuml;ften sprechen.</p>;[{'@type': 'ImageObject', 'contentUrl': 'https://hltpimtsoch.sos-ch-dk-2.exoscale-cdn.com/catalog/0/5/a/3/05a3412fc01fa738d8ab8e0ffe36742c147af33d_batch_Waldlehrpfad_Start.jpg'}];2026-08-10T11:56:33+02:00
6e82fcae-1d81-424e-8f20-fca3df605443;Krimi-Trail Sargans: Mord in Sargans - der "Apothekerfall";Der Krimi-Trail Sargans bietet ein spannendes Outdoor-Erlebnis für Gruppen. Teilnehmende können in die Rolle von Ermittlerinnen und Ermittlern schlüpfen und einen mysteriösen Kriminalfall lösen. Der Trail ist ohne Voranmeldung zugänglich und kostet CHF 40 pro Gruppe.;<p>Wer teilnehmen will, kann sich den Krimi-Trail auf www.krimi-trails.ch kaufen. Der K&auml;ufer erh&auml;lt dann Haftbefehl-Code sowie die &laquo;Krimi-Akte&raquo; des Falls. Dabei handelt es sich um die Beschreibung des Kriminalfalls, des Auftrags sowie der in Frage kommenden Tatverd&auml;chtigen und die &Uuml;bersicht der am Tatort gefundenen Beweismittel. Anschliessend besuchen die Ermittler den Tatort und in einer selbst festzulegenden Reihenfolge die Wohn-, Arbeits- und Freizeitorte der verd&auml;chtigen Personen. Mittels Zusatzhinweisen, welche die Ermittler an diesen Orten erhalten, gelingt es den Ermittlern schliesslich, Verd&auml;chtige auszuschliessen resp. den T&auml;ter oder die T&auml;terin ausfindig zu machen und schliesslich mittels Erstellung eines Haftbefehls den T&auml;ter zu &uuml;berf&uuml;hren. Der Fall: Mord in Sargans &ndash; der Apothekerfall Andreas Kohler, wird Opfer einer Messerattacke. Er wird erstochen. Das Opfer tr&auml;gt einen Rucksack, in welchem auch sein mit Geld gef&uuml;lltes Portemonnaie steckt. Der T&auml;ter war offenbar nicht aufs Geld aus. Eine &Uuml;berwachungskamera zeigt, wie Andreas, bevor er ermordet wurde, mit einem Mann, ein Gesch&auml;ft abgeschlossen und etwas ausgetauscht hat &ndash; ein Drogengesch&auml;ft? Der Mann konnte identifiziert werden, er heisst Mirko Eggenschwiler. Im Rucksack des Ermordeten findet die Spurensicherung einen leeren Rezeptblock eines Arztes. Das letzte SMS, welches Andreas Kohler auf dem Handy erhielt, war ein r&auml;tselhafter Abholcode f&uuml;r ein Medikament. Outdoor-Gruppenerlebnis ohne Voranmeldung. Die Krimi-Trails sind ein Outdoor-Gruppenerlebnis f&uuml;r Paare, Schulen und Firmenausfl&uuml;ge. Eine Voranmeldung ist nicht m&ouml;glich. Die Krimi-Trails kostet CHF 40.00/Gruppe.</p>;9.441532902796338;47.0434164;Pizolstr. 15;7320;Sargans;+41 31 381 11 66;info@krimi-trails.ch;https://www.krimi-trails.ch/;[{'@type': 'ImageObject', 'contentUrl': 'https://hltpimtsoch.sos-ch-dk-2.exoscale-cdn.com/catalog/5/7/1/7/571725d3bb1965563a0c69518972b28fb37d39f7_WINTERTRAIL_FOTOS_2.jpg'}];2026-07-28T09:02:43+02:00
a36b97fc-03c9-406f-ae06-48628b8292f8;Naturpfad Chapfensee;Mit Edi dem Eichelhäher am Chapfensee – entdecken, verstehen und schützen. Der digitale Pfad zeigt Natur, Vielfalt und Herausforderungen.;<p>Die Region Chapfensee ist in vielerlei Hinsicht eine Perle, aber als Besuchermagnet hat sie auch mit verschiedenen Herausforderungen zu k&auml;mpfen. F&uuml;r die einen &uuml;bt sie eine besondere Anziehung aus, weil es hier noch kostbare Moore und seltene Waldgesellschaften gibt. F&uuml;r die anderen, weil man hier baden und grillieren kann. Andere freuen sich &uuml;ber die Energiegewinnung, die Geologie oder die faszinierende Vogelwelt.&nbsp; Als Maskottchen bringt Eichelh&auml;her Edi im Actionboundpfad den Besuchern die Themen rund um den Chapfensee unterhaltsam n&auml;her. Als Eichelh&auml;her kann er an vielen Orten angetroffen werden, ist gut erkennbar und als Rabenvogel hat er den Ruf, weise und zugleich etwas vorwitzig zu sein.</p><p>Den Chapfensee verstehen, geniessen und erhalten, lautet das Motto des digitalen Pfades.</p>;9.372673630714418;47.04921655179014;Weissenstein;8886;Mels;+41582293891;roger.bolliger@sg.ch;https://www.sg.ch/umwelt-natur/wald/waldregion-3-sargans/naturpfade.html;[{'@type': 'ImageObject', 'contentUrl': 'https://hltpimtsoch.sos-ch-dk-2.exoscale-cdn.com/catalog/3/5/1/6/351637f1067aec46cb39637c76d4035adb48767f_Chapfensee.jpg'}];2026-06-24T12:47:18+02:00
